!case,User Unique ID,n_favorited,n_diversity,n_genres,Read an average of...,Age,Gender,State,Education level,Civil status,Racial identity,Average income,Q1. The app provided some really good recommendations. ,Q2. The items recommended to me are diverse. ,Q3. I am eager to read the book(s) I have put on the reading list ,Q4. The recommendations helped me discover new books which I find interesting. ,Q5: The amount of information available was sufficient to make the decisions ,Q6: I was surprised by some of the recommendations ,Q7. Finding books to put on my reading list was easy ,Q8: My overall satisfaction with my selection of books on my reading list is high ,Q9: The items recommended to me matched my interests. ,Q10. I understood why the items were recommended to me. ,Q11. My overall satisfaction with the app is high. ,"Q12. I like the app, and I would use it again in the future.",wo
case 279,b2f36a9b-4322-4260-abbc-ac9a989c329a,1,0,3,20 to 50 books in a year,26 - 29 anos,Feminino,São Paulo,Ensino médio completo,União Estável,Branca,"De R$ 813,00 a R$ 1.805,00",5,5,4,5,5,4,4,5,4,4,5,5,
case 338,da3b3cc0-6047-4754-a4ac-a4582197bd81,1,0,2,20 to 50 books in a year,22 - 25 anos,Feminino,Distrito Federal,Pós-graduação completa,Solteiro(a),Branca,"De R$ 1.805,00 a R$ 3.042,00",5,4,5,5,4,4,5,5,5,5,5,4,
case 314,c577bc43-459e-430d-b9a0-aa12ecbc2fc0,1,0,4,50 to 100 books in a year,Mais de 40 anos,Feminino,São Paulo,Ensino médio completo,Outro,Preta,Prefiro não declarar,2,2,2,2,2,2,1,2,2,2,2,2,Poderia de compôs para comentários e recomendação pessoais 
case 102,44967ef7-62d6-4cff-834c-f080495c66e2,1,0,3,50 to 100 books in a year,30 - 33 anos,Feminino,Rio Grande do Norte,Ensino médio completo,Solteiro(a),Preta,"De R$ 1.805,00 a R$ 3.042,00",5,4,5,5,5,5,5,5,4,5,5,5,"Seria legal específicar a quantidade de páginas do livro, eu particularmente não gosto de livros com menos de 150 páginas. Então seria ( para mim) bem legal contar com essa opção."
case 218,89844794-506c-466e-ae77-4ed430444ca1,1,0,2,6 to 20 books in a year,30 - 33 anos,Feminino,Minas Gerais,Superior incompleto,União Estável,Branca,"De R$ 813,00 a R$ 1.805,00",2,3,2,1,4,1,2,2,1,1,3,4,
case 348,e05e29a5-fd25-4514-b4f7-2b32cb9ff382,1,0,2,6 to 20 books in a year,18 - 21 anos,Feminino,Goiás,Superior incompleto,Solteiro(a),Preta,"De R$ 1.805,00 a R$ 3.042,00",4,5,5,5,5,5,5,2,1,1,4,3,
case 001,00372c44-3a8c-4ac4-ae19-096d577c859e,1,0,3,6 to 20 books in a year,22 - 25 anos,Feminino,São Paulo,Ensino médio completo,Solteiro(a),Parda,"De R$ 1.805,00 a R$ 3.042,00",4,5,5,5,3,3,3,3,5,5,5,5,
case 221,8c9f4d04-246a-49e5-b4c0-1d7e04829c74,1,0,2,More than 100 books in a year,30 - 33 anos,Feminino,Minas Gerais,Ensino médio completo,Casado(a),Parda,"De R$ 3.042,00 a R$ 5.449,00",4,5,4,5,4,5,4,4,4,5,5,5,
case 339,dbb5d47d-3ac7-4403-b657-407ed464c39d,1,0,2,More than 100 books in a year,22 - 25 anos,Feminino,Goiás,Superior completo,Casado(a),Amarela,"De R$ 1.805,00 a R$ 3.042,00",5,5,5,5,5,5,5,5,5,5,5,5,
case 047,28062e92-81dd-416d-8f0e-92c778915b74,2,0,1,20 to 50 books in a year,22 - 25 anos,Feminino,Rio de Janeiro,Superior incompleto,Solteiro(a),Branca,"Até R$ 813,00",3,5,4,4,3,4,5,3,3,4,4,5,
case 352,e1ee3e3e-aa7d-4cf3-a6c5-c623dcde3e52,2,0,3,20 to 50 books in a year,22 - 25 anos,Feminino,Paraná,Superior incompleto,Casado(a),Parda,"De R$ 3.042,00 a R$ 5.449,00",4,5,5,4,4,4,3,4,4,4,5,5,
case 065,32606560-40e0-4157-ac68-bb3cb5f5a386,2,0,2,20 to 50 books in a year,22 - 25 anos,Feminino,Minas Gerais,Superior completo,Solteiro(a),Parda,"De R$ 5.449,00 a R$ 10.427,00",4,5,4,5,4,5,4,5,4,5,5,5,
case 007,03b50804-a53c-4b0c-aeff-d8c8a1a9bd98,2,0,3,50 to 100 books in a year,18 - 21 anos,Feminino,Maranhão,Superior incompleto,Solteiro(a),Parda,"De R$ 813,00 a R$ 1.805,00",2,2,1,2,2,2,2,2,1,1,1,1,
case 103,45b24d31-242d-41f7-85cd-86251a35b416,2,0,2,6 to 20 books in a year,38 - 40 anos,Feminino,Goiás,Superior completo,Solteiro(a),Branca,"De R$ 3.042,00 a R$ 5.449,00",5,5,5,5,5,5,5,5,5,5,5,5,Gostei muito das recomendações! São dos estilos literários mais gosto!
case 263,a7942796-e9ae-4c65-abe2-6ddc4c0fbfad,2,0,1,6 to 20 books in a year,18 - 21 anos,Feminino,Paraná,Ensino médio completo,Solteiro(a),Branca,"De R$ 5.449,00 a R$ 10.427,00",5,5,4,5,5,4,5,5,4,5,4,5,
case 382,f80488c9-00a6-48e6-a412-c4998bd4f1c7,2,0,2,6 to 20 books in a year,18 - 21 anos,Feminino,Piauí,Ensino médio completo,Solteiro(a),Parda,"Até R$ 813,00",4,5,5,5,4,3,4,5,5,4,3,4,
case 331,d39bbf16-542b-4ffd-abec-16c327eb4a34,3,0,4,1 to 5 books in a year,30 - 33 anos,Feminino,Rio Grande do Sul,Ensino médio completo,Solteiro(a),Branca,"De R$ 813,00 a R$ 1.805,00",5,5,5,5,5,5,5,5,4,5,4,5,
case 154,637151cd-0e4e-447d-8291-f2146b540e46,3,0,2,20 to 50 books in a year,26 - 29 anos,Feminino,São Paulo,Superior incompleto,Casado(a),Branca,"De R$ 813,00 a R$ 1.805,00",4,4,4,4,5,4,4,4,3,3,4,4,"Seria legal se aparecesse as capas por completo dos livros, para gerar mais interesse."
case 020,0fdda9eb-ca98-4050-a8c0-23db5564ad69,3,0,3,20 to 50 books in a year,26 - 29 anos,Feminino,Pernambuco,Superior completo,Solteiro(a),Preta,"De R$ 813,00 a R$ 1.805,00",5,4,5,5,4,5,5,5,5,5,5,5,"Gostei muito da ideia do aplicativo, acho muito útil.
Eu acrescentaria a opção de colocar alguma observação ou nota pra que o livro possa ser favoritado com ordem de prioridade ou possa ser acrescentado uma informação ou opinião pessoal sobre o livro e a expectativa pra adquirí-lo."
case 066,3264b807-2585-428b-93e0-4ef213b50b3b,3,0,5,20 to 50 books in a year,26 - 29 anos,Feminino,Paraíba,Ensino médio completo,Casado(a),Branca,"De R$ 1.805,00 a R$ 3.042,00",4,4,5,4,4,5,5,5,4,4,4,5,"O aplicativo em si é bom , porém ainda faltam mais ferramentas. Achei um pouco simplório, mas a ideia é muito boa."
case 142,5b8b009d-a02b-43c4-a78f-018de7ababb9,3,0,3,20 to 50 books in a year,22 - 25 anos,Feminino,Espírito Santo,Ensino médio completo,Solteiro(a),Branca,"De R$ 813,00 a R$ 1.805,00",4,5,4,5,4,3,5,5,4,3,5,5,
case 161,68a11b82-5d4b-46d7-a442-209f6391d20f,3,0,1,20 to 50 books in a year,30 - 33 anos,Feminino,São Paulo,Ensino médio completo,Casado(a),Branca,"De R$ 813,00 a R$ 1.805,00",5,4,5,4,2,5,5,5,4,2,5,5,Por te sido bem rápida minha experiência  com APP mesmo assim vale a pena um aplicativo  que te indique livro da sua preferência  de leitura
case 242,9a2a9856-f925-4e89-9f51-7568c73ebdcb,3,0,3,20 to 50 books in a year,22 - 25 anos,Feminino,Distrito Federal,Superior incompleto,Solteiro(a),Parda,"De R$ 3.042,00 a R$ 5.449,00",5,5,5,5,5,4,5,5,4,5,5,5,
case 247,9d230923-2ff2-4f1e-889c-a08eb07995d5,3,0,4,20 to 50 books in a year,26 - 29 anos,Feminino,São Paulo,Ensino médio incompleto,Casado(a),Preta,"De R$ 1.805,00 a R$ 3.042,00",4,5,5,3,4,5,5,5,5,3,5,5,
case 293,ba7941b4-8552-4098-9b24-27a7a248f729,3,0,5,20 to 50 books in a year,22 - 25 anos,Feminino,Ceará,Superior incompleto,Solteiro(a),Branca,"De R$ 3.042,00 a R$ 5.449,00",5,5,5,5,4,5,5,5,5,4,5,5,
case 365,ea59a4bf-4307-48a5-ae27-5f60e79e034e,3,0,3,20 to 50 books in a year,22 - 25 anos,Feminino,São Paulo,Superior completo,Solteiro(a),Branca,Prefiro não declarar,5,5,5,5,4,5,4,5,4,4,4,5,
case 074,361f0d48-7935-40df-aa53-3a83658269ab,3,0,4,50 to 100 books in a year,30 - 33 anos,Feminino,São Paulo,Ensino médio completo,Casado(a),Branca,"De R$ 1.805,00 a R$ 3.042,00",3,5,4,5,4,4,5,5,5,4,4,4,
case 347,df76c612-7367-4ac3-87c4-620c50401425,3,0,3,6 to 20 books in a year,30 - 33 anos,Feminino,Paraná,Ensino médio completo,União Estável,Branca,"De R$ 813,00 a R$ 1.805,00",4,5,5,5,5,4,5,4,5,5,5,5,
case 094,3f517550-5b44-4f0c-8aaf-019f126b4b19,3,0,4,6 to 20 books in a year,22 - 25 anos,Feminino,São Paulo,Ensino médio completo,Solteiro(a),Prefiro não declarar,"De R$ 813,00 a R$ 1.805,00",4,5,4,5,5,5,4,5,5,5,5,5,
case 276,afefe1d7-1968-410d-a1b0-c3b5938555c9,3,0,2,6 to 20 books in a year,30 - 33 anos,Feminino,Santa Catarina,Superior completo,Solteiro(a),Branca,"De R$ 813,00 a R$ 1.805,00",5,4,5,5,4,4,5,5,5,5,5,5,
case 010,06f50dc4-9688-402e-95a1-2168c87d4a48,4,0,1,20 to 50 books in a year,22 - 25 anos,Feminino,Paraná,Superior completo,Solteiro(a),Branca,"De R$ 813,00 a R$ 1.805,00",4,3,5,4,2,2,5,5,5,5,4,4,
case 019,0f84f9a6-423f-45d0-b5de-1949894b6544,4,0,4,20 to 50 books in a year,22 - 25 anos,Feminino,São Paulo,Superior completo,Solteiro(a),Parda,"De R$ 5.449,00 a R$ 10.427,00",5,5,5,3,4,3,3,5,5,5,4,5,A aba recomendações poderia aparecer quando vc abre um livro que leu. Aí com base naquele livro já teria uma recomendação para a próxima leitura.
case 087,3b9719b9-bd0a-4ee5-87b3-7abd42555d7f,4,0,3,20 to 50 books in a year,18 - 21 anos,Feminino,Minas Gerais,Superior incompleto,Solteiro(a),Branca,"De R$ 5.449,00 a R$ 10.427,00",4,5,3,4,5,2,5,5,4,5,5,4,
case 082,3a294493-2caf-4248-aaf9-7783766f7560,4,0,3,50 to 100 books in a year,18 - 21 anos,Feminino,Rio de Janeiro,Superior incompleto,Solteiro(a),Parda,"De R$ 1.805,00 a R$ 3.042,00",3,4,2,3,2,3,1,2,2,2,2,2,
case 277,b1972e9e-b9b8-43dd-a20b-a10467a1059a,4,0,1,50 to 100 books in a year,34 - 37 anos,Feminino,Amazonas,Superior incompleto,Solteiro(a),Branca,"De R$ 813,00 a R$ 1.805,00",2,2,2,2,2,2,2,2,2,2,2,2,"O aplicativo é bem bacana, algumas recomendações já li, e outras vou ler."
case 379,f61ff3c1-3069-4a2b-95fc-1bac8862df8b,4,0,3,50 to 100 books in a year,18 - 21 anos,Feminino,Minas Gerais,Ensino médio completo,Solteiro(a),Branca,"De R$ 813,00 a R$ 1.805,00",4,4,5,5,3,5,5,5,5,5,5,5,"Livros que são muito bons e que não tem o hype que merecem,acredito que deveriam ter uma maior atenção afim de ajudar que conhecermos mais livros."
case 395,ffa1dac2-90df-4514-97fa-ae7f8f0b03fc,4,0,3,50 to 100 books in a year,18 - 21 anos,Feminino,Alagoas,Ensino médio completo,Solteiro(a),Indígena,"De R$ 1.805,00 a R$ 3.042,00",5,5,5,5,4,5,4,5,4,4,5,5,
case 114,4c2b208b-c508-4395-9456-90e80ec591e7,4,0,2,6 to 20 books in a year,18 - 21 anos,Masculino,Pernambuco,Superior incompleto,Solteiro(a),Parda,"De R$ 3.042,00 a R$ 5.449,00",4,4,4,5,3,4,3,3,4,4,3,4,
case 226,8f6ce587-32b4-4be6-bc43-0d5ef47bd860,4,0,3,6 to 20 books in a year,26 - 29 anos,Feminino,Goiás,Superior completo,Casado(a),Branca,"De R$ 3.042,00 a R$ 5.449,00",3,3,3,2,2,3,2,3,3,3,3,3,
case 040,2062a9ba-faf5-4460-9963-2b5becc9edb6,4,0,3,6 to 20 books in a year,34 - 37 anos,Feminino,São Paulo,Pós-graduação completa,Casado(a),Branca,"De R$ 3.042,00 a R$ 5.449,00",5,4,5,4,5,4,5,5,5,5,5,5,
case 164,6a586d78-2edc-43ea-b2a3-6757d957eb95,4,0,2,6 to 20 books in a year,30 - 33 anos,Feminino,Santa Catarina,Ensino médio completo,Casado(a),Branca,"De R$ 813,00 a R$ 1.805,00",5,5,5,5,5,5,5,5,5,5,5,5,
case 017,0b8e1702-16c7-487d-9874-4aeb18889efd,4,0,4,More than 100 books in a year,18 - 21 anos,Feminino,Rio Grande do Norte,Ensino médio incompleto,Solteiro(a),Branca,"De R$ 813,00 a R$ 1.805,00",4,4,5,5,5,4,5,5,4,5,5,5,
case 178,717adf74-74e7-4101-a922-f1e37df47180,5,0,3,1 to 5 books in a year,22 - 25 anos,Feminino,São Paulo,Ensino médio completo,Casado(a),Parda,"De R$ 1.805,00 a R$ 3.042,00",1,1,3,2,2,2,2,3,3,3,2,2,
case 150,61a8ed4a-9a89-4abb-a4b0-25f1fa83bf65,5,0,3,1 to 5 books in a year,22 - 25 anos,Masculino,São Paulo,Superior completo,Solteiro(a),Parda,"De R$ 813,00 a R$ 1.805,00",3,4,4,3,4,4,1,4,1,1,3,3,Olha eu coloquei que não gostava de terror e apareceu livros que se encaixava nisso 
case 307,c06d8b7a-ff43-4f50-8c83-526a86a2a341,5,0,3,1 to 5 books in a year,18 - 21 anos,Feminino,Maranhão,Ensino médio completo,Solteiro(a),Parda,"De R$ 813,00 a R$ 1.805,00",4,5,4,5,4,3,5,4,5,5,4,5,
case 139,5af633a0-84d4-48ef-a6dd-a40dfaaa8d99,5,0,3,1 to 5 books in a year,22 - 25 anos,Feminino,Rio de Janeiro,Ensino médio completo,Solteiro(a),Branca,Prefiro não declarar,4,5,4,4,5,4,5,5,5,5,5,5,
case 256,a25eff79-36c2-43b1-b51a-94e62e94858d,5,0,3,1 to 5 books in a year,22 - 25 anos,Feminino,Pará,Superior completo,Solteiro(a),Branca,"Até R$ 813,00",,5,5,5,4,4,5,5,5,5,5,4,
case 330,d22edd03-b664-4768-9241-57d0dc12d47f,5,0,4,1 to 5 books in a year,22 - 25 anos,Feminino,Pernambuco,Ensino médio completo,Solteiro(a),Parda,"De R$ 813,00 a R$ 1.805,00",4,5,5,5,3,5,4,5,5,5,5,5,
case 089,3c43896f-d544-423e-9482-ea4cfeb93649,5,0,3,20 to 50 books in a year,18 - 21 anos,Feminino,Sergipe,Ensino médio completo,Solteiro(a),Preta,"De R$ 813,00 a R$ 1.805,00",1,2,4,4,2,2,2,2,5,5,4,4,Achei o design do app não muito bom
case 185,76057a5e-c557-4a81-b28a-f17295261b84,5,0,3,20 to 50 books in a year,26 - 29 anos,Feminino,Bahia,Pós-graduação completa,Casado(a),Parda,"De R$ 1.805,00 a R$ 3.042,00",2,4,4,4,4,4,2,2,2,2,3,4,
case 285,b7229426-3a57-4caa-8b43-ce637fb74a39,5,0,3,20 to 50 books in a year,26 - 29 anos,Feminino,São Paulo,Superior incompleto,Solteiro(a),Branca,"De R$ 1.805,00 a R$ 3.042,00",1,4,1,3,1,3,1,2,3,1,3,3,
case 033,1dc9a869-e027-4f57-a43f-437f928249a0,5,0,2,20 to 50 books in a year,22 - 25 anos,Feminino,São Paulo,Superior incompleto,Solteiro(a),Branca,Prefiro não declarar,4,3,4,1,3,1,1,3,4,4,3,4,"Eu vi muitos títulos de livros que já conheço, por isso as recomendações não foram uma novidade para mim"
case 315,c6cadd64-51cb-4e8d-9c57-ec75994aa053,5,0,1,20 to 50 books in a year,22 - 25 anos,Feminino,Santa Catarina,Superior incompleto,Solteiro(a),Branca,"De R$ 813,00 a R$ 1.805,00",4,4,5,3,2,4,4,3,4,4,4,5,"Selecionei a categoria Romance, e achei as opções dadas muito repetidas do mesmo autor, sem uma diversidade. "
case 086,3b63d130-83fb-449f-b691-44a4396aecb8,5,0,3,20 to 50 books in a year,22 - 25 anos,Feminino,São Paulo,Superior incompleto,Solteiro(a),Parda,"De R$ 813,00 a R$ 1.805,00",4,4,4,4,4,5,4,4,4,4,4,5,
case 199,7cdcc033-e471-4162-a482-8a6e3b65b808,5,0,3,20 to 50 books in a year,30 - 33 anos,Feminino,Paraná,Superior incompleto,União Estável,Branca,"De R$ 3.042,00 a R$ 5.449,00",4,4,3,4,4,4,4,4,4,4,3,3,
case 295,bc3b83cb-26c9-40e5-b997-d75e7c0b5c87,5,0,3,20 to 50 books in a year,22 - 25 anos,Feminino,São Paulo,Pós-graduação completa,Solteiro(a),Parda,"De R$ 1.805,00 a R$ 3.042,00",4,4,5,4,4,3,4,4,4,4,4,5,"Gostei do aplicativo, acredito que poderia dar mais indicações e ter tipo um ""botão"" surpreenda que poderia sugerir títulos fora da sua zona de conforto da leitura, para que você possa explorar novos títulos que seriam diferentes"
case 057,2dd2c91a-71b3-48fc-b76d-c8f5e38575c4,5,0,3,20 to 50 books in a year,18 - 21 anos,Feminino,São Paulo,Ensino médio completo,Solteiro(a),Amarela,"De R$ 1.805,00 a R$ 3.042,00",5,5,5,4,5,4,5,5,5,5,5,4,
case 115,4c8298a4-acd7-4ec5-8581-31a11263aa63,5,0,1,20 to 50 books in a year,18 - 21 anos,Feminino,Rio Grande do Sul,Ensino médio completo,Solteiro(a),Branca,"De R$ 3.042,00 a R$ 5.449,00",4,5,5,4,4,5,5,5,5,5,5,5,
case 125,52ee6e27-5527-40aa-8ab4-3cecb83e8777,5,0,5,20 to 50 books in a year,26 - 29 anos,Feminino,São Paulo,Superior completo,Casado(a),Branca,"De R$ 5.449,00 a R$ 10.427,00",5,4,5,5,4,4,5,5,5,5,4,5,
case 181,72e0160f-db38-45a9-8c9b-1225b103b8a4,5,0,3,20 to 50 books in a year,26 - 29 anos,Feminino,São Paulo,Superior incompleto,Casado(a),Preta,"De R$ 3.042,00 a R$ 5.449,00",5,5,4,5,5,4,4,5,4,4,5,5,
case 197,7c4def21-5e18-4af6-a5c6-dec3893e1a46,5,0,4,20 to 50 books in a year,22 - 25 anos,Feminino,Rio Grande do Sul,Superior incompleto,Solteiro(a),Branca,"De R$ 1.805,00 a R$ 3.042,00",5,4,4,5,4,5,5,5,5,5,5,4,
case 232,955bacbe-d760-4f04-a787-f6d290b1b02c,5,0,1,20 to 50 books in a year,22 - 25 anos,Feminino,Minas Gerais,Superior completo,Solteiro(a),Preta,"De R$ 813,00 a R$ 1.805,00",5,5,5,5,5,4,5,5,4,4,5,5,
case 258,a43b768a-df8a-4f61-9b67-5523df45556a,5,0,5,20 to 50 books in a year,22 - 25 anos,Feminino,Pará,Superior completo,Solteiro(a),Parda,"De R$ 1.805,00 a R$ 3.042,00",5,4,4,4,3,4,5,5,5,5,5,4,
case 264,a7e12fc9-79b0-4cb1-84b0-af94ba8cadc5,5,0,2,20 to 50 books in a year,18 - 21 anos,Feminino,Rio de Janeiro,Superior incompleto,Solteiro(a),Parda,"De R$ 1.805,00 a R$ 3.042,00",5,4,5,5,4,3,4,5,4,5,5,5,
case 310,c3fa2b84-480d-4b3f-9d18-8c1a35a5ff1d,5,0,2,20 to 50 books in a year,30 - 33 anos,Masculino,Espírito Santo,Ensino médio completo,Solteiro(a),Parda,"De R$ 813,00 a R$ 1.805,00",5,5,5,5,5,4,5,5,5,4,5,5,
case 316,c7e39e8d-d55a-423a-a4f3-432591506c28,5,0,4,20 to 50 books in a year,18 - 21 anos,Feminino,Pernambuco,Ensino médio completo,Solteiro(a),Parda,"Até R$ 813,00",5,5,5,4,5,5,5,5,4,3,5,5,
case 329,d190237d-6845-4ba5-b8e8-522e9dd72a86,5,0,3,20 to 50 books in a year,22 - 25 anos,Feminino,Mato Grosso,Superior completo,Solteiro(a),Parda,"De R$ 813,00 a R$ 1.805,00",5,4,5,4,4,4,4,5,4,5,5,5,Achei muito legal essa ideia de um aplicativo que faz sujestão de livros
case 385,f95eaafc-029f-41c9-889e-527e87b0184c,5,0,3,20 to 50 books in a year,22 - 25 anos,Feminino,Paraná,Superior completo,Solteiro(a),Branca,"De R$ 5.449,00 a R$ 10.427,00",5,4,5,4,3,3,5,5,5,5,5,4,
case 122,519d3c1a-c598-44ee-89c8-4efddaaa6bd5,5,0,1,50 to 100 books in a year,26 - 29 anos,Feminino,São Paulo,Pós-graduação completa,Solteiro(a),Branca,Prefiro não declarar,3,4,5,4,3,4,3,3,5,4,3,4,
case 071,345d6071-2d96-4076-acec-cb75cdfab48e,5,0,2,50 to 100 books in a year,22 - 25 anos,Feminino,São Paulo,Ensino médio completo,Solteiro(a),Branca,"De R$ 813,00 a R$ 1.805,00",4,4,5,4,4,3,4,4,4,4,4,5,
case 166,6aa05122-5496-40c3-b05b-3a99747dba96,5,0,4,50 to 100 books in a year,22 - 25 anos,Feminino,Piauí,Superior completo,Solteiro(a),Preta,"De R$ 813,00 a R$ 1.805,00",4,4,4,4,4,4,5,4,2,4,3,5,
case 364,e95774f0-1371-403a-a1cf-26fea9f1e8a2,5,0,3,50 to 100 books in a year,26 - 29 anos,Feminino,Rio de Janeiro,Pós-graduação incompleta,Solteiro(a),Branca,"De R$ 1.805,00 a R$ 3.042,00",4,5,5,2,4,5,5,4,5,5,5,5,
case 081,397f116f-a0b1-4034-8110-036a36a14168,5,0,2,50 to 100 books in a year,22 - 25 anos,Feminino,São Paulo,Superior completo,União Estável,Branca,"De R$ 3.042,00 a R$ 5.449,00",5,5,4,1,5,1,5,5,5,5,5,5,"Único ponto ""negativo"" é que eu não havia lido somente um dos livros recomendados pelo aplicativo, mas como leio muitos livros dos gêneros que escolhi por serem meus gêneros preferidos entendo a seleção que o aplicativo trouxe"
case 093,3ef0b8ca-53a5-41cf-8611-a908e036d40e,5,0,4,50 to 100 books in a year,18 - 21 anos,Feminino,São Paulo,Ensino médio completo,Solteiro(a),Parda,Prefiro não declarar,4,4,5,4,3,5,5,5,5,5,4,5,Queria poder navegar no app.
case 109,48ef189b-040c-4fbb-b5d0-40e195308860,5,0,5,50 to 100 books in a year,Mais de 40 anos,Feminino,Rio Grande do Sul,Pós-graduação completa,Casado(a),Branca,Prefiro não declarar,5,5,5,5,4,2,5,5,5,5,5,5,"Os clássicos entre eles os trabalhadores do mar, fantasma da opera "
case 162,69518684-c35e-49d3-85b3-04b3232a9df2,5,0,3,50 to 100 books in a year,18 - 21 anos,Feminino,Rio Grande do Sul,Ensino médio completo,Solteiro(a),Prefiro não declarar,"De R$ 813,00 a R$ 1.805,00",5,5,5,3,3,1,5,5,5,5,4,4,
case 194,79c2edab-c291-49ca-9c3c-bb6e285df22b,5,0,4,50 to 100 books in a year,18 - 21 anos,Feminino,Ceará,Ensino médio completo,Solteiro(a),Branca,"De R$ 1.805,00 a R$ 3.042,00",4,4,5,5,3,4,4,5,4,4,5,5,
case 209,81f5e0db-5226-4505-aa2d-8202366f6231,5,0,4,50 to 100 books in a year,18 - 21 anos,Feminino,Pernambuco,Ensino médio completo,Solteiro(a),Amarela,"De R$ 1.805,00 a R$ 3.042,00",4,5,5,4,4,4,5,5,5,4,4,5,
case 287,b785c0c3-7429-46dc-815d-9cb5702258bc,5,0,2,50 to 100 books in a year,22 - 25 anos,Feminino,Distrito Federal,Superior completo,Solteiro(a),Branca,"De R$ 5.449,00 a R$ 10.427,00",4,5,5,3,5,5,5,5,5,4,5,5,
case 039,203aabfa-9ee5-4ea2-9d95-7ceb9900db16,5,0,3,6 to 20 books in a year,26 - 29 anos,Feminino,São Paulo,Superior completo,Solteiro(a),Branca,,4,4,5,5,5,5,4,2,4,4,4,5,Não dava pra trocar de livro 
case 042,22b2fec8-017a-40c4-9868-2183261cf04e,5,0,3,6 to 20 books in a year,30 - 33 anos,Feminino,São Paulo,Superior completo,Solteiro(a),Branca,"Acima de R$ 10.427,00",2,4,2,2,2,3,1,2,2,2,2,2,Ele da umas sugestões muito aleatórias...e que não tem a ver com oque vc assinala antes...algumas sim...mas muitas não tem a ver...
case 111,49bd3227-c2f4-406f-a623-33d5bdd1fcdc,5,0,4,6 to 20 books in a year,18 - 21 anos,Feminino,Rio de Janeiro,Ensino médio completo,Casado(a),Parda,"De R$ 3.042,00 a R$ 5.449,00",4,5,2,2,1,5,2,2,4,4,4,5,
case 187,77b8526f-6b59-4f34-9da3-a04ae8e869af,5,0,4,6 to 20 books in a year,22 - 25 anos,Feminino,São Paulo,Superior incompleto,Solteiro(a),Parda,"De R$ 5.449,00 a R$ 10.427,00",4,5,5,4,2,5,4,2,3,5,3,4,
case 172,6e16ad48-0651-4503-a89e-a3268871a936,5,0,4,6 to 20 books in a year,22 - 25 anos,Feminino,São Paulo,Superior incompleto,Separado (a),Parda,"De R$ 813,00 a R$ 1.805,00",5,5,3,4,4,4,3,3,4,4,4,4,
case 231,93ed85c4-8070-4652-922d-bfd90f1d1bcb,5,0,4,6 to 20 books in a year,26 - 29 anos,Feminino,São Paulo,Superior incompleto,Casado(a),Branca,"De R$ 3.042,00 a R$ 5.449,00",4,5,4,2,3,3,4,4,4,5,4,4,
case 234,96075967-7aad-4c59-a12d-c6bd21b9cb96,5,0,3,6 to 20 books in a year,22 - 25 anos,Feminino,Maranhão,Ensino médio completo,Casado(a),Parda,"De R$ 813,00 a R$ 1.805,00",4,5,4,2,4,4,2,4,4,4,4,4,
case 248,9dd33f9c-300d-4c59-8a8a-d19635057cb2,5,0,3,6 to 20 books in a year,26 - 29 anos,Feminino,Sergipe,Superior incompleto,Solteiro(a),Branca,"De R$ 1.805,00 a R$ 3.042,00",3,4,5,5,4,3,3,4,4,4,3,3,
case 327,d09e6f81-c854-4b60-b8e9-f198ed55a4f8,5,0,4,6 to 20 books in a year,22 - 25 anos,Feminino,Espírito Santo,Pós-graduação incompleta,Solteiro(a),Parda,"De R$ 1.805,00 a R$ 3.042,00",4,3,5,5,5,4,5,4,5,5,5,5,Deveria ter mais opções para escolha dos favoritos 
case 342,dd5fbe66-560e-41e6-bb06-48910aa0b79b,5,0,3,6 to 20 books in a year,18 - 21 anos,Feminino,São Paulo,Ensino médio incompleto,Solteiro(a),Branca,"De R$ 1.805,00 a R$ 3.042,00",5,4,5,5,4,3,4,4,5,5,5,5,"Doi livros recomemdados pra mim eu já tinha lido e gostado muito deles , e os outros recomendados me deram muito vontade de ler "
case 394,fe4f58f2-cad7-4605-9d40-26b338816a5a,5,0,3,6 to 20 books in a year,22 - 25 anos,Feminino,São Paulo,Superior completo,Solteiro(a),Branca,"De R$ 813,00 a R$ 1.805,00",3,4,4,4,3,4,5,4,4,4,5,5,
case 045,250170be-2377-447c-a38f-5e2bac53010a,5,0,5,6 to 20 books in a year,34 - 37 anos,Feminino,Pernambuco,Superior incompleto,Solteiro(a),Branca,"De R$ 1.805,00 a R$ 3.042,00",5,4,5,4,5,3,4,5,5,5,4,4,
case 049,29400ae3-78db-4d45-978d-0962eb745ae5,5,0,3,6 to 20 books in a year,22 - 25 anos,Feminino,São Paulo,Superior completo,Solteiro(a),Branca,"De R$ 1.805,00 a R$ 3.042,00",5,5,5,4,5,5,5,5,5,5,5,5,
case 146,5f0c8f9f-4e5a-437a-b726-625ce8f462e7,5,0,1,6 to 20 books in a year,30 - 33 anos,Feminino,Minas Gerais,Superior incompleto,Solteiro(a),Branca,"De R$ 3.042,00 a R$ 5.449,00",5,5,4,5,5,4,5,5,5,5,5,5,
case 168,6b00a428-cbc4-4619-8408-84db40150e11,5,0,1,6 to 20 books in a year,18 - 21 anos,Feminino,Paraná,Superior incompleto,Solteiro(a),Parda,Prefiro não declarar,5,5,5,5,5,3,5,5,5,5,5,5,
case 201,7e1ae931-ee85-46fa-b7a1-de61aeda3e29,5,0,3,6 to 20 books in a year,18 - 21 anos,Feminino,Sergipe,Superior incompleto,Solteiro(a),Branca,"De R$ 813,00 a R$ 1.805,00",4,4,5,5,4,5,5,5,5,5,5,5,
case 243,9a4f3a6d-6d4f-4772-ad85-7f0ca136bc92,5,0,2,6 to 20 books in a year,30 - 33 anos,Feminino,Minas Gerais,Ensino médio completo,Casado(a),Branca,"De R$ 1.805,00 a R$ 3.042,00",4,5,4,5,4,5,4,5,4,4,5,5,
case 312,c461be36-6f16-4f1e-9855-dd5ac87a5c1b,5,0,2,6 to 20 books in a year,22 - 25 anos,Feminino,Sergipe,Superior incompleto,Solteiro(a),Branca,Prefiro não declarar,5,4,5,5,4,4,4,5,5,5,4,5,
case 272,adbce7e0-2151-4691-9f50-0767dd621458,5,0,3,More than 100 books in a year,30 - 33 anos,Feminino,Rio Grande do Norte,Pós-graduação completa,Solteiro(a),Branca,"Acima de R$ 10.427,00",4,4,3,2,4,3,4,4,5,5,3,2,"Não sei se eu não compreendi corretamente ou faltou clareza na orientação da pesquisa, mas acabei favoritando livros que eu conheço, pois já li. O questionário dá a entender que o processo de favoritar deve ser feito pela recomendação enquanto uma indicação de possível leitura futura. Achei interessante escolhermos o gênero literário, contudo acho que poderia ter mais opções, inclusive diversificando os autores. Precisei sair e entrar no app para encontrar meus 5 favoritos. Acredito que se houver mais informações, como por exemplo notas de avaliações de outras redes sociais com goodreads ou skoob, talvez desse ao usuário uma parâmetro melhor de escolha. De forma geral, achei o aplicativo intuitivo e de fácil utilização."
case 346,df198b4d-08b1-429c-8e71-419022c798ae,7,0,2,20 to 50 books in a year,34 - 37 anos,Feminino,Santa Catarina,Pós-graduação completa,Casado(a),Branca,"De R$ 1.805,00 a R$ 3.042,00",5,4,5,5,4,4,5,5,5,3,5,5,
case 037,1fcea3c9-c40d-4ddf-a81d-32923d67d167,1,1,4,20 to 50 books in a year,18 - 21 anos,Feminino,Paraná,Superior incompleto,Solteiro(a),Branca,"De R$ 1.805,00 a R$ 3.042,00",3,4,4,5,4,4,2,2,2,2,2,3,
case 170,6cfd5d64-9a1e-419f-9c37-41b52f2a1976,1,1,3,50 to 100 books in a year,34 - 37 anos,Feminino,São Paulo,Superior incompleto,Casado(a),Branca,"De R$ 3.042,00 a R$ 5.449,00",5,5,5,5,5,5,5,5,4,4,4,4,
case 059,2f865547-cbb6-42ee-97f5-38efe63a0df1,1,1,2,6 to 20 books in a year,22 - 25 anos,Feminino,Bahia,Superior completo,Casado(a),Prefiro não declarar,Prefiro não declarar,5,5,5,4,4,5,5,5,5,5,5,5,
case 274,afce178c-bd03-44be-b0c8-9206b008dedd,2,1,4,1 to 5 books in a year,26 - 29 anos,Feminino,Rio de Janeiro,Ensino médio completo,Solteiro(a),Amarela,"De R$ 813,00 a R$ 1.805,00",5,5,5,5,5,4,5,5,5,5,5,5,Satisfatória 
case 119,4f11e659-8957-4872-97d0-f336603a67fd,2,1,3,20 to 50 books in a year,22 - 25 anos,Feminino,Paraná,Superior completo,Solteiro(a),Branca,"De R$ 1.805,00 a R$ 3.042,00",1,1,1,1,1,1,1,1,1,1,1,1,
case 325,cfdc1c27-4a1f-4c81-b199-a708cbb186f9,2,1,2,50 to 100 books in a year,18 - 21 anos,Feminino,São Paulo,Superior completo,Casado(a),Branca,Prefiro não declarar,4,4,5,3,4,5,5,4,4,4,4,3,
case 389,fc28e0b5-69ad-483b-b898-3edf058b0503,2,1,2,6 to 20 books in a year,22 - 25 anos,Feminino,São Paulo,Ensino médio completo,Solteiro(a),Branca,"De R$ 813,00 a R$ 1.805,00",4,4,5,4,3,3,4,4,4,4,4,4,
case 361,e56ae607-286f-4ac1-90c4-20407e509256,3,1,3,20 to 50 books in a year,22 - 25 anos,Feminino,Tocantins,Superior completo,Solteiro(a),Branca,"De R$ 1.805,00 a R$ 3.042,00",2,4,4,1,5,1,2,2,2,2,2,3,"Nas opções de fantasia deveriam ter mais titulos como Acotar, fiquei chateada que o único que realmente tenho interesse é Corte de Chamas Pratedas da Sarah. Também senti falta de titulos do genero "" Romance Histórico "" estilo Bridgerton e outros. Contudo, sei quê esse é um dos objetivos dos formulários, avaliar e ajudar no desenvolvimento do App, para uma melhoria. Por isso decidi comentar e avaliar de forma sincera."
case 068,32e91adc-f133-4bd3-9a30-b0f0fc0e3b7d,3,1,4,20 to 50 books in a year,18 - 21 anos,Feminino,Rio de Janeiro,Ensino médio completo,Solteiro(a),Preta,"De R$ 1.805,00 a R$ 3.042,00",5,5,4,3,2,3,4,3,5,5,4,5,A maioria das recomendações eu já tinha lido 
case 241,9998319d-f4a7-458c-9ac6-9030027892d8,3,1,3,20 to 50 books in a year,18 - 21 anos,Feminino,Goiás,Superior incompleto,Solteiro(a),Preta,"Acima de R$ 10.427,00",4,4,5,2,4,1,4,5,4,4,2,4,
case 013,08c31f29-9c81-4ad6-9804-dcedc02db30a,3,1,5,50 to 100 books in a year,18 - 21 anos,Feminino,Santa Catarina,Superior incompleto,Solteiro(a),Branca,"De R$ 3.042,00 a R$ 5.449,00",5,5,5,5,4,5,5,5,5,4,5,5,
case 305,c04b8fec-53ab-41b5-9682-6c332d7795bf,3,1,2,50 to 100 books in a year,18 - 21 anos,Feminino,Paraná,Ensino médio completo,Solteiro(a),Parda,Prefiro não declarar,5,4,5,5,4,5,4,5,5,3,4,5,
case 345,de2426e5-44ea-4a37-8a10-6b4de048c9a5,3,1,4,6 to 20 books in a year,30 - 33 anos,Feminino,São Paulo,Superior completo,Solteiro(a),Branca,"De R$ 813,00 a R$ 1.805,00",3,5,4,4,3,4,5,4,4,4,3,5,
case 035,1e48c718-b078-403e-ace9-e79865c4619b,4,1,4,1 to 5 books in a year,22 - 25 anos,Feminino,São Paulo,Ensino médio completo,Solteiro(a),Branca,"De R$ 1.805,00 a R$ 3.042,00",2,4,3,4,2,3,2,2,3,4,3,4,
case 163,69947342-9d1f-4225-83e8-38eef0d3c16f,4,1,3,1 to 5 books in a year,34 - 37 anos,Feminino,São Paulo,Superior completo,Solteiro(a),Preta,"De R$ 3.042,00 a R$ 5.449,00",5,4,5,5,4,4,5,4,5,5,4,5,
case 043,23803e8a-1411-49e5-8a34-b7f41850bbd1,4,1,1,1 to 5 books in a year,22 - 25 anos,Feminino,Pará,Superior completo,Solteiro(a),Parda,"Até R$ 813,00",5,5,5,5,4,5,,5,5,5,5,5,
case 334,d5113610-ef1e-4e7f-b606-b1e06aae01b6,4,1,4,20 to 50 books in a year,22 - 25 anos,Feminino,São Paulo,Superior completo,Solteiro(a),Parda,"De R$ 1.805,00 a R$ 3.042,00",2,4,4,5,4,3,5,4,4,4,4,5,
case 386,fab814b0-e223-4a92-a020-c97d156051d4,4,1,3,20 to 50 books in a year,18 - 21 anos,Feminino,São Paulo,Ensino médio completo,Solteiro(a),Parda,"De R$ 3.042,00 a R$ 5.449,00",4,5,4,5,5,4,4,5,4,5,4,4,
case 227,8fa89fc1-4cc1-4871-89dd-fd1795dc11ef,4,1,3,50 to 100 books in a year,30 - 33 anos,Feminino,São Paulo,Superior completo,Solteiro(a),Preta,"De R$ 5.449,00 a R$ 10.427,00",4,5,5,4,3,5,5,3,4,5,5,5,Deveria ter o gênero hot
case 371,efee1ad5-02f0-46f6-acd4-0cde9bbf85a1,4,1,1,50 to 100 books in a year,34 - 37 anos,Feminino,São Paulo,Superior completo,Solteiro(a),Branca,"De R$ 1.805,00 a R$ 3.042,00",5,5,5,5,5,5,5,5,5,5,5,5,
case 110,493bd458-1114-4128-8368-f013a7c4f7cd,4,1,3,6 to 20 books in a year,26 - 29 anos,Feminino,Minas Gerais,Ensino médio completo,Solteiro(a),Parda,"Até R$ 813,00",5,4,4,5,3,4,5,5,5,5,5,5,
case 313,c464c0e7-fc43-4317-a966-effe0ff71cf9,4,1,3,6 to 20 books in a year,18 - 21 anos,Masculino,Rio de Janeiro,Ensino médio incompleto,Solteiro(a),Parda,"De R$ 3.042,00 a R$ 5.449,00",4,4,5,4,4,5,5,5,4,5,5,4,"As recomendações foram muito boas, descobri novos livros.Gostei mt do app. "
case 048,28fa5f43-2832-49dc-936a-f1314d304e25,4,1,5,More than 100 books in a year,22 - 25 anos,Feminino,Bahia,Superior incompleto,Solteiro(a),Branca,"De R$ 1.805,00 a R$ 3.042,00",3,4,4,2,3,1,4,3,4,4,4,2,
case 369,ed6cf0dc-8df4-427c-832c-fb5a1a990ad0,4,1,3,More than 100 books in a year,30 - 33 anos,Feminino,Paraná,Pós-graduação completa,Solteiro(a),Parda,"De R$ 1.805,00 a R$ 3.042,00",4,5,4,4,2,4,4,4,5,5,4,4,"o aplicativo poderia mostrar uma  imagem do livro melhor, pois pelo nome sempre tem outro parecido. Mas no geral se o objetivo for apenas recomendar livros por gêneros, isso foi alcançado"
case 288,b7abac7a-100a-4ae3-816c-582bc108890f,5,1,5,1 to 5 books in a year,26 - 29 anos,Feminino,São Paulo,Superior completo,Solteiro(a),Prefiro não declarar,"De R$ 813,00 a R$ 1.805,00",2,2,1,1,1,4,2,2,3,4,3,4,Faltou variedade e mais opções. Poderia classificar as indicações pelos estilos literarios. E ter mais perguntas como que tipo de romance voce curte e colocar livros mais adultos tbm
case 175,6f061f7b-556d-4ef0-be44-4798e96a8d12,5,1,3,1 to 5 books in a year,30 - 33 anos,Feminino,Paraná,Ensino médio completo,União Estável,Branca,"De R$ 3.042,00 a R$ 5.449,00",4,5,4,4,3,3,4,3,3,3,4,3,
case 024,14d0b055-820f-4cdc-974e-98a3b4da8043,5,1,3,1 to 5 books in a year,22 - 25 anos,Feminino,Paraná,Superior incompleto,Solteiro(a),Parda,"De R$ 813,00 a R$ 1.805,00",5,4,4,5,4,5,4,4,4,5,4,4,
case 144,5d429624-c55d-48f0-a6c3-9213fdce0a67,5,1,4,1 to 5 books in a year,30 - 33 anos,Feminino,Pernambuco,Pós-graduação completa,Casado(a),Preta,"De R$ 1.805,00 a R$ 3.042,00",3,5,4,5,,,,4,2,3,4,5,Acredito que vocês precisam melhorar a definição de gêneros pois não coloquei nada sobre gostar de suspense ou terror e apareceram alguns livros desses gêneros. Acho também que precisam aumentar a quantidade de livros indicados...
case 005,03459acc-20bb-4daa-bc5e-a3869bc18a61,5,1,3,1 to 5 books in a year,38 - 40 anos,Feminino,Minas Gerais,Superior completo,Solteiro(a),Branca,"De R$ 813,00 a R$ 1.805,00",5,5,4,4,4,5,5,5,5,5,5,5,O app fácil de utilizar e as recomendações super pertinentes aos gêneros selecionados.
case 207,8108d0cd-e66d-411d-8c1d-1ebb8b96c57f,5,1,2,1 to 5 books in a year,18 - 21 anos,Feminino,Pernambuco,Ensino médio completo,Solteiro(a),Branca,"De R$ 1.805,00 a R$ 3.042,00",5,4,5,5,4,1,5,5,5,5,5,5,
case 202,7e3f3c63-8122-4abb-9be9-fbd67abb61f4,5,1,2,20 to 50 books in a year,30 - 33 anos,Feminino,São Paulo,Pós-graduação completa,Solteiro(a),Branca,"De R$ 3.042,00 a R$ 5.449,00",2,4,4,4,1,1,2,1,1,1,1,4,
case 096,4047f61c-572a-48c0-9cec-ad931ac4a962,5,1,1,20 to 50 books in a year,26 - 29 anos,Feminino,São Paulo,Pós-graduação completa,Solteiro(a),Branca,"De R$ 3.042,00 a R$ 5.449,00",4,4,3,3,3,3,3,3,5,4,3,4,
case 252,9f03ba4b-c1dd-4447-a043-5d59d56849b5,5,1,4,20 to 50 books in a year,30 - 33 anos,Feminino,Pernambuco,Ensino médio completo,Solteiro(a),Amarela,"De R$ 1.805,00 a R$ 3.042,00",5,5,5,4,4,3,3,3,5,4,5,5,
case 308,c2c1c2fc-0622-4218-981e-789ab598b503,5,1,4,20 to 50 books in a year,18 - 21 anos,Feminino,Goiás,Superior incompleto,Casado(a),Branca,"De R$ 1.805,00 a R$ 3.042,00",2,1,2,1,1,3,3,3,2,3,3,3,Poderia ser inserido livros clássicos e também de novos autores que precisam de espaço para divulgar seus livros. Seria interessante se todos os livros que chegarem forem gratuitos e disponibilizarem uma experiência boa de leitura através do celular.
case 034,1e106d7a-13b9-4d93-b982-38d4d57d699f,5,1,3,20 to 50 books in a year,22 - 25 anos,Feminino,Santa Catarina,Superior incompleto,Solteiro(a),Preta,"De R$ 3.042,00 a R$ 5.449,00",4,5,4,4,5,5,4,4,4,4,4,5,
case 056,2d75b196-c97d-42d6-bd5d-d9ccaf7e4212,5,1,5,20 to 50 books in a year,26 - 29 anos,Feminino,Bahia,Superior completo,Solteiro(a),Parda,"De R$ 813,00 a R$ 1.805,00",4,5,4,3,1,1,4,4,4,5,5,5,"Poderia expandir para cada gênero mais livros tive que escolher dois que não queria pois não tinha opção de outros. Fiquei limitada na escolha. Boa sorte, ansiosa para que tudo de certo."
case 155,64cab367-ce59-4ecd-924c-f67110c99a90,5,1,2,20 to 50 books in a year,22 - 25 anos,Feminino,Paraná,Pós-graduação incompleta,Solteiro(a),Parda,"De R$ 3.042,00 a R$ 5.449,00",4,4,4,2,3,4,3,4,4,4,4,4,
case 192,7982f472-afa5-40b1-96c1-ee947f3fd5d1,5,1,3,20 to 50 books in a year,22 - 25 anos,Feminino,São Paulo,Superior incompleto,Solteiro(a),Branca,"De R$ 813,00 a R$ 1.805,00",4,2,4,2,2,1,2,4,4,4,2,4,"No geral, o aplicativo é muito bom, entretanto as recomendações são muito óbvias e normalmente já muito conhecida, o que peca um pouco na questão de conhecer novos títulos e autores. Sei que o aplicativo ainda está sendo desenvolvido, mas queria ressaltar a quantidade baixa de livros recomendados. No mais, eu amei!"
case 212,8340ea64-f187-4bad-8401-6e2131d541c0,5,1,3,20 to 50 books in a year,22 - 25 anos,Feminino,Pernambuco,Superior incompleto,Solteiro(a),Branca,"De R$ 1.805,00 a R$ 3.042,00",4,4,4,2,5,2,5,4,4,3,4,5,
case 228,8fe664f5-f9e7-4aca-a69a-7bb3cd04d086,5,1,4,20 to 50 books in a year,26 - 29 anos,Feminino,São Paulo,Ensino médio completo,Casado(a),Branca,"De R$ 813,00 a R$ 1.805,00",4,5,4,4,5,4,4,4,5,5,5,5,
case 278,b24d837c-019d-4bdc-a36e-56172701d0bd,5,1,3,20 to 50 books in a year,18 - 21 anos,Feminino,Pernambuco,Ensino médio completo,Solteiro(a),Parda,Prefiro não declarar,4,5,3,1,4,5,5,4,5,5,4,4,
case 286,b738bd78-3348-48df-a835-f262219c6bbc,5,1,3,20 to 50 books in a year,26 - 29 anos,Feminino,Amazonas,Superior incompleto,Solteiro(a),Parda,"De R$ 813,00 a R$ 1.805,00",4,5,4,4,3,5,4,4,5,5,4,5,
case 343,ddaa8e17-22c9-4455-945a-09bf7bf9e3e2,5,1,2,20 to 50 books in a year,22 - 25 anos,Feminino,Santa Catarina,Superior incompleto,Solteiro(a),Branca,"De R$ 3.042,00 a R$ 5.449,00",5,5,5,4,4,4,2,4,4,5,5,5,
case 349,e092a107-cab4-493c-896f-43be741fe3ec,5,1,3,20 to 50 books in a year,26 - 29 anos,Feminino,Minas Gerais,Superior completo,Solteiro(a),Branca,"De R$ 1.805,00 a R$ 3.042,00",4,2,4,4,3,2,5,4,5,5,4,5,
case 360,e4ebcb5a-568c-447d-9ff3-5f144e569f2d,5,1,5,20 to 50 books in a year,18 - 21 anos,Feminino,Rio Grande do Norte,Ensino médio completo,Solteiro(a),Parda,"Até R$ 813,00",4,3,5,3,3,5,2,4,4,4,4,4,"Achei que o número de livros recomendados foram poucos,e alguns estavam em categoria errada."
case 366,ea89831a-f64f-41d6-a388-0e93860366da,5,1,2,20 to 50 books in a year,34 - 37 anos,Feminino,Rio Grande do Sul,Superior incompleto,Solteiro(a),Branca,"De R$ 1.805,00 a R$ 3.042,00",5,5,4,5,4,4,5,4,4,4,5,5,
case 006,03657e53-d974-4914-ad4e-68faf82538ce,5,1,4,20 to 50 books in a year,30 - 33 anos,Feminino,São Paulo,Ensino médio completo,Casado(a),Branca,"De R$ 1.805,00 a R$ 3.042,00",5,5,5,5,5,5,5,5,5,5,5,5,Excelentes recomendações 
case 009,04d6f5df-058c-40fc-bff1-9023bccf7956,5,1,3,20 to 50 books in a year,22 - 25 anos,Feminino,Bahia,Superior incompleto,Casado(a),Parda,"De R$ 3.042,00 a R$ 5.449,00",4,5,5,5,4,2,5,5,5,5,4,4,
case 011,07c606dd-b479-45ee-a018-eca92658753c,5,1,2,20 to 50 books in a year,18 - 21 anos,Feminino,São Paulo,Superior incompleto,Solteiro(a),Branca,Prefiro não declarar,5,5,5,5,5,3,5,5,5,5,5,3,
case 041,220ac76f-2a3f-4e7d-8423-f4f090b427f3,5,1,1,20 to 50 books in a year,18 - 21 anos,Feminino,Minas Gerais,Superior incompleto,Solteiro(a),Parda,"De R$ 1.805,00 a R$ 3.042,00",5,5,5,5,5,5,5,5,5,5,5,5,
case 044,238aef4a-56b8-47ac-ba9f-cffba5493c10,5,1,3,20 to 50 books in a year,18 - 21 anos,Feminino,Maranhão,Ensino médio completo,Solteiro(a),Parda,"Até R$ 813,00",5,5,4,5,4,5,4,5,4,4,4,4,Gostei muito
case 085,3aa123aa-4760-4fe7-8f71-0ac133cd2707,5,1,1,20 to 50 books in a year,18 - 21 anos,Feminino,Rio de Janeiro,Ensino médio completo,Solteiro(a),Branca,"De R$ 813,00 a R$ 1.805,00",5,4,5,3,4,3,5,5,5,4,4,5,
case 099,437ebcfc-dafe-42ba-912a-bdd1a67991c5,5,1,5,20 to 50 books in a year,22 - 25 anos,Feminino,Mato Grosso do Sul,Superior incompleto,Solteiro(a),Branca,"De R$ 813,00 a R$ 1.805,00",4,5,5,5,3,4,4,5,5,4,4,4,
case 108,47bac6d5-7839-4a6a-98a1-dae0949a713e,5,1,5,20 to 50 books in a year,18 - 21 anos,Feminino,Minas Gerais,Superior incompleto,Solteiro(a),Branca,"De R$ 1.805,00 a R$ 3.042,00",5,5,5,5,5,5,5,5,5,5,5,5,
case 133,56d0d073-6bfc-44cd-991d-4fac513abc1b,5,1,5,20 to 50 books in a year,18 - 21 anos,Feminino,Amapá,Superior incompleto,Solteiro(a),Parda,"De R$ 813,00 a R$ 1.805,00",5,4,5,4,4,3,5,5,4,4,5,5,Gostei bastante do App
case 186,76972883-7196-4c24-a058-d3a1594da2fc,5,1,5,20 to 50 books in a year,18 - 21 anos,Feminino,São Paulo,Ensino médio completo,Solteiro(a),Parda,Prefiro não declarar,5,5,5,5,5,5,5,5,5,5,5,5,
case 219,8ad2106c-f782-4ffe-bad9-fbc601c8b1fe,5,1,2,20 to 50 books in a year,22 - 25 anos,Feminino,Minas Gerais,Superior incompleto,Solteiro(a),Branca,"De R$ 3.042,00 a R$ 5.449,00",5,5,5,5,5,4,5,5,4,4,5,5,
case 362,e626725b-e836-49d4-a9ff-60679d7b2434,5,1,3,20 to 50 books in a year,34 - 37 anos,Feminino,Goiás,Pós-graduação completa,Solteiro(a),Parda,"De R$ 3.042,00 a R$ 5.449,00",5,5,4,5,4,5,4,5,5,5,5,5,
case 378,f612eedd-c8f5-46a3-b249-17f56b674df5,5,1,2,20 to 50 books in a year,26 - 29 anos,Feminino,São Paulo,Pós-graduação completa,Casado(a),Parda,"De R$ 1.805,00 a R$ 3.042,00",5,5,5,5,5,5,5,5,5,5,5,5,
case 383,f86ed5b8-9b94-45d4-b01f-08d001e53bc8,5,1,3,20 to 50 books in a year,18 - 21 anos,Feminino,São Paulo,Superior incompleto,Solteiro(a),Branca,"De R$ 1.805,00 a R$ 3.042,00",5,4,5,5,4,5,5,5,5,5,5,5,"Adorei o aplicativo! Fiquei surpresa com o quanto foi fácil escolher a minha lista de favoritos, simplesmente todos me agradaram demais. O meu gosto é bem diversificado, porém recomendo demais livros de fantasia, distopia, romance clichê, romance de época, mindset e os clássicos, como Machado de Assis e José de Alencar."
case 384,f94762a0-58f7-4dbc-aea7-7fe585d47903,5,1,3,20 to 50 books in a year,18 - 21 anos,Feminino,Mato Grosso do Sul,Superior incompleto,União Estável,Branca,"De R$ 1.805,00 a R$ 3.042,00",5,4,5,3,4,4,4,5,4,4,5,5,
case 393,fdec7a67-b1a9-4d5b-8a42-ed4fa997efff,5,1,3,20 to 50 books in a year,26 - 29 anos,Feminino,São Paulo,Ensino médio completo,Solteiro(a),Branca,Prefiro não declarar,5,5,5,5,5,5,5,5,5,5,5,5,
case 141,5b85ded1-70a3-40ce-a957-8ff2d51fc15f,5,1,5,50 to 100 books in a year,18 - 21 anos,Feminino,Bahia,Ensino médio completo,Solteiro(a),Parda,"Até R$ 813,00",4,4,4,3,2,3,4,3,4,4,4,5,"Mais variedades nas recomendações, já que escolhi vários gêneros "
case 240,98db50c6-4f0f-4b4d-9636-c88e7bad67bf,5,1,2,50 to 100 books in a year,18 - 21 anos,Feminino,São Paulo,Superior incompleto,Solteiro(a),Branca,"De R$ 3.042,00 a R$ 5.449,00",4,5,2,2,1,5,2,3,4,4,3,4,"Tinham poucas opções disponíveis de livros recomendados, portanto acabei escolhendo livros já lidos ou livros que eu não tenho grande interesse em ler."
case 088,3bc41e78-25dc-4fee-bb63-08506a236f92,5,1,5,50 to 100 books in a year,22 - 25 anos,Feminino,Minas Gerais,Ensino médio completo,Solteiro(a),Branca,"Até R$ 813,00",4,5,4,3,5,3,4,4,5,5,5,4,"Gostei do aplicativo, mas acho que poderia melhor o designer, tornar um pouco mais atrativo e poderia ter um pouco mais de recomendações contendo uma breve sinopse dos livros recomendados. "
case 176,6f3c202e-b7e0-4db5-8bb1-489d666a25f4,5,1,5,50 to 100 books in a year,22 - 25 anos,Feminino,Ceará,Superior completo,Solteiro(a),Parda,"De R$ 1.805,00 a R$ 3.042,00",5,5,4,4,5,3,5,4,5,5,4,5,
case 265,a9b2bc7a-2308-46b5-ba80-97949541387c,5,1,2,50 to 100 books in a year,Mais de 40 anos,Feminino,Rio Grande do Norte,Pós-graduação completa,Casado(a),Parda,"De R$ 5.449,00 a R$ 10.427,00",4,5,4,4,5,3,4,4,5,5,4,5,Apresentar sugestões de livros nacionais. 
case 002,021644fc-4a5e-4671-8ffa-584beccc63a5,5,1,3,50 to 100 books in a year,18 - 21 anos,Feminino,Paraná,Superior incompleto,Solteiro(a),Parda,"De R$ 813,00 a R$ 1.805,00",4,4,5,4,4,5,4,5,4,5,4,5,
case 008,03b8c8c5-62e1-4411-a203-01605bb628fa,5,1,3,50 to 100 books in a year,18 - 21 anos,Feminino,Pernambuco,Superior incompleto,Solteiro(a),Parda,"De R$ 813,00 a R$ 1.805,00",5,4,5,5,5,4,5,5,5,5,5,5,
case 022,119a3b91-f5e6-41c1-b9ed-6bb511ae84f2,5,1,4,50 to 100 books in a year,22 - 25 anos,Feminino,São Paulo,Superior incompleto,Solteiro(a),Parda,"De R$ 813,00 a R$ 1.805,00",5,5,5,4,4,4,4,5,5,5,5,5,
case 090,3d7484ba-789e-44db-a4d7-3c3d223495e0,5,1,3,50 to 100 books in a year,26 - 29 anos,Feminino,Santa Catarina,Pós-graduação completa,União Estável,Branca,"De R$ 1.805,00 a R$ 3.042,00",5,5,5,5,5,5,5,5,5,5,5,5,
case 145,5d9e2633-e4f1-4d99-aebc-46acd8a79c39,5,1,1,50 to 100 books in a year,Mais de 40 anos,Feminino,Minas Gerais,Pós-graduação completa,União Estável,Branca,"De R$ 1.805,00 a R$ 3.042,00",5,5,5,5,5,4,5,5,5,5,5,5,
case 174,6e494bbf-cb67-4106-b604-db66e4f4f382,5,1,2,50 to 100 books in a year,18 - 21 anos,Feminino,São Paulo,Superior incompleto,Solteiro(a),Branca,Prefiro não declarar,4,3,4,3,4,4,4,5,5,5,5,5,
case 190,7933ffbb-d545-40fe-a465-ba6052a2dca8,5,1,2,50 to 100 books in a year,26 - 29 anos,Feminino,Rio Grande do Sul,Ensino médio incompleto,Casado(a),Branca,"De R$ 813,00 a R$ 1.805,00",5,5,5,5,5,4,5,5,5,5,5,5,"O aplicativo é de fácil uso, a interface dele é muito agradável. Vou recomendar o uso dele a minha amigas. Muito sucesso a vcs."
case 213,86fe13e0-5de1-4c65-8ec7-98f65d07df56,5,1,3,50 to 100 books in a year,18 - 21 anos,Feminino,Piauí,Superior incompleto,Solteiro(a),Parda,"De R$ 813,00 a R$ 1.805,00",5,5,5,4,5,5,5,5,5,5,5,5,"Os livros recomendados são ótimos e todos se encaixaram no meu nicho de leitura. No entanto, havia vários livros que eu não conhecia ainda. Ótimas indicações e que vão além do que já é conhecido e comum. Gostei bastante!"
case 356,e301d14d-6e67-49e8-8682-2cefd86711d5,5,1,3,50 to 100 books in a year,18 - 21 anos,Feminino,Rio Grande do Sul,Superior incompleto,Solteiro(a),Branca,"De R$ 813,00 a R$ 1.805,00",5,5,5,5,5,5,5,5,5,5,5,5,
case 368,ed0bb8b1-c4ce-415f-a13b-e88937af19c7,5,1,3,50 to 100 books in a year,18 - 21 anos,Feminino,Bahia,Ensino médio completo,Solteiro(a),Branca,"De R$ 813,00 a R$ 1.805,00",5,4,5,4,5,3,5,5,5,5,5,5,
case 375,f4be172a-6a6b-4b27-ae5f-1c0eeae8909c,5,1,2,50 to 100 books in a year,22 - 25 anos,Feminino,Rio de Janeiro,Superior incompleto,Solteiro(a),Parda,"De R$ 3.042,00 a R$ 5.449,00",5,5,5,4,4,4,4,5,5,5,5,5,
case 381,f6a0cf76-ee92-4c9c-ae16-3194a3c8af7d,5,1,2,50 to 100 books in a year,18 - 21 anos,Feminino,Ceará,Ensino médio completo,Solteiro(a),Preta,"De R$ 813,00 a R$ 1.805,00",5,4,5,5,4,4,5,5,5,5,5,5,
case 016,0b77ae7e-2c76-4c0c-8898-3993a0f27ab2,5,1,4,6 to 20 books in a year,18 - 21 anos,Feminino,Rio Grande do Sul,Superior incompleto,Solteiro(a),Branca,"De R$ 3.042,00 a R$ 5.449,00",4,5,4,4,3,4,2,2,4,5,4,4,
case 217,8935a9ad-b36e-4066-bfb8-f5e72855fa29,5,1,4,6 to 20 books in a year,26 - 29 anos,Feminino,São Paulo,Ensino médio completo,Solteiro(a),Branca,"De R$ 813,00 a R$ 1.805,00",1,2,3,4,1,4,2,2,2,2,2,4,Achei poucas opções de gênero 
case 317,c894dd7c-3f48-498a-b930-aea406444544,5,1,3,6 to 20 books in a year,22 - 25 anos,Feminino,Rio de Janeiro,Superior incompleto,Solteiro(a),Branca,"De R$ 3.042,00 a R$ 5.449,00",3,5,3,2,3,4,3,2,3,3,3,3,"O app poderia ter opção se busca por autores, a sugestão ser mais precisa em relação a oq vc já leu. Porém de resto ele é muito bom "
case 321,cbc2b29a-6467-44ac-9433-c98a6c976f12,5,1,5,6 to 20 books in a year,Mais de 40 anos,Feminino,São Paulo,Superior incompleto,Solteiro(a),Preta,"De R$ 1.805,00 a R$ 3.042,00",4,5,3,4,3,4,2,2,1,3,4,4,
case 036,1f5a6cab-8da5-4eeb-a346-938dbfab33bc,5,1,4,6 to 20 books in a year,18 - 21 anos,Masculino,Alagoas,Superior incompleto,Solteiro(a),Parda,"De R$ 813,00 a R$ 1.805,00",4,4,5,4,2,3,2,3,2,4,5,5,
case 236,97859b99-8ad1-4f94-a283-735fb69699fa,5,1,3,6 to 20 books in a year,18 - 21 anos,Feminino,São Paulo,Ensino médio completo,Solteiro(a),Branca,"De R$ 3.042,00 a R$ 5.449,00",5,4,4,3,3,4,5,3,5,5,5,5,
case 245,9c173db0-5c8b-4f15-8b1e-be8c960f12d8,5,1,3,6 to 20 books in a year,22 - 25 anos,Feminino,Rio de Janeiro,Superior incompleto,Solteiro(a),Branca,"De R$ 1.805,00 a R$ 3.042,00",5,4,5,1,3,3,4,3,5,5,5,5,
case 072,3528d45f-08e5-45f0-816d-428145780488,5,1,5,6 to 20 books in a year,26 - 29 anos,Feminino,Rio Grande do Sul,Superior incompleto,União Estável,Branca,Prefiro não declarar,5,5,4,4,5,4,5,4,5,5,5,5,
case 116,4db44d81-66c1-4d08-ab97-b7ab7024ccf1,5,1,1,6 to 20 books in a year,22 - 25 anos,Feminino,São Paulo,Superior completo,Solteiro(a),Branca,Prefiro não declarar,4,4,5,3,5,5,5,4,4,3,5,5,
case 188,780110e5-1252-44a3-b3c1-4ef2fb73cb2b,5,1,4,6 to 20 books in a year,18 - 21 anos,Feminino,São Paulo,Superior completo,Solteiro(a),Branca,"De R$ 1.805,00 a R$ 3.042,00",4,5,5,4,5,3,4,4,4,4,4,5,
case 195,7a005c87-13a3-4262-a7d9-613154c069ab,5,1,3,6 to 20 books in a year,30 - 33 anos,Feminino,Santa Catarina,Superior completo,União Estável,Branca,"De R$ 1.805,00 a R$ 3.042,00",5,5,5,4,5,4,5,4,4,2,4,4,
case 204,7f954b77-0d6e-4ddb-ace3-8457527e6b81,5,1,1,6 to 20 books in a year,30 - 33 anos,Feminino,Paraná,Superior incompleto,Casado(a),Branca,"De R$ 3.042,00 a R$ 5.449,00",4,3,4,4,3,2,4,4,4,4,3,3,"Lista curta de opções para leitura do genero, alguns livros já havia lido, outros nunca tinha ouvido falar, me baseie nos meus favoritos mesmo."
case 233,95892768-219d-45a8-a477-d46f8a00b266,5,1,3,6 to 20 books in a year,18 - 21 anos,Feminino,Rio de Janeiro,Ensino médio incompleto,Solteiro(a),Parda,"De R$ 1.805,00 a R$ 3.042,00",5,4,5,5,4,3,4,4,5,4,5,5,Os livros que foram recomendados para mim são todos parecidos e não teve outras gêneros que marquei
case 249,9ddb8191-e675-4b1c-b3d1-65030f06973d,5,1,5,6 to 20 books in a year,26 - 29 anos,Feminino,Pernambuco,Superior completo,Outro,Branca,"Até R$ 813,00",5,5,5,5,5,4,5,4,5,5,4,5,
case 266,aa540903-2cbc-4c57-b4a7-83bedf6a52fe,5,1,1,6 to 20 books in a year,22 - 25 anos,Feminino,Tocantins,Superior incompleto,Solteiro(a),Parda,Prefiro não declarar,5,4,5,4,4,3,4,4,4,2,4,4,
case 294,bbc29c39-1a9a-45dd-8246-ccf55bd14e08,5,1,3,6 to 20 books in a year,22 - 25 anos,Feminino,São Paulo,Superior completo,Solteiro(a),Branca,"De R$ 813,00 a R$ 1.805,00",4,5,4,4,2,5,5,4,4,4,5,5,"Poderia ter mais ambas com outras ferramentas, tipo livros lidos depois do recomendáveis e  resenhas dos livros  recomendados inscritos por usuários ( mas entendo que esta em teste). "
case 301,bf171b89-2d7a-4539-9ac7-f9c71c646b01,5,1,2,6 to 20 books in a year,26 - 29 anos,Feminino,Minas Gerais,Pós-graduação incompleta,Solteiro(a),Branca,"De R$ 1.805,00 a R$ 3.042,00",4,5,5,2,2,3,1,4,4,3,2,3,"A recomendação foi legal, porém pra encontrar outras recomendações que me agradaria, eu tinha q ficar saindo e entrando no app para atualizar os livros. Seria interessante colocar um rolar maior de livros na mesma tela."
case 320,c9fb1f45-3a04-423d-a366-13c00b1fcb77,5,1,5,6 to 20 books in a year,34 - 37 anos,Feminino,Rio Grande do Sul,Superior completo,União Estável,Preta,"De R$ 1.805,00 a R$ 3.042,00",4,4,5,4,4,3,5,4,5,4,4,4,
case 322,cbd81d02-f174-4ed3-bf2e-2d204d1e774b,5,1,3,6 to 20 books in a year,22 - 25 anos,Feminino,Minas Gerais,Superior completo,Solteiro(a),Branca,"De R$ 3.042,00 a R$ 5.449,00",3,4,4,5,5,5,4,4,3,3,4,5,
case 332,d3a2372b-8b30-4f03-a43a-3dbbfa570110,5,1,3,6 to 20 books in a year,22 - 25 anos,Feminino,São Paulo,Superior completo,Solteiro(a),Branca,"De R$ 813,00 a R$ 1.805,00",4,5,3,3,4,3,3,4,2,4,4,3,
case 353,e2695255-bed2-49ed-9aaa-a5918c8299b0,5,1,4,6 to 20 books in a year,26 - 29 anos,Feminino,Pernambuco,Ensino médio completo,Solteiro(a),Parda,"De R$ 3.042,00 a R$ 5.449,00",5,5,5,4,5,4,5,4,5,4,5,5,"Foram incríveis as recomendações. São livros que eu pretendo muito ler, e conheci 1 que eu já me apaixonei de cara e eu nem conhecia. Bom trabalho com o aplicativo, espero que vocês consigam elevar ainda mais o nível dele, porque é bem legal. "
case 392,fd4f16c1-123c-40c3-a0b4-fdb7c5cbb84b,5,1,2,6 to 20 books in a year,18 - 21 anos,Feminino,Rio de Janeiro,Ensino médio completo,Solteiro(a),Branca,"De R$ 3.042,00 a R$ 5.449,00",4,5,4,4,5,3,2,4,4,5,4,5,"Minha única ""reclamação"" é que eu achei bem limitado as recomendações. Eu coloquei como interesse romance e fantasia e de fato, todos eram de um desses gêneros ou os dois. Mas nas opções por exemplo, tinha Trono de Vidro, mas nenhum dos livros que apareceu de Trono de Vidro (uns 3) era de fato o primeiro. E com limitado, quero dizer que eu achei que eram poucas opções sabe? Queria que tivessem mais :( E também seria legal também se tivesse a opção de querer recomendações de livros em inglês! Gostei bastante do estilo do aplicativo e de como seguiu direitinho os gêneros que eu tinha colocado, seria legal se aparecesse mais opções!"
case 054,2d17818a-3f0f-4bc4-bef2-aa8cf6bb0caa,5,1,3,6 to 20 books in a year,22 - 25 anos,Feminino,Ceará,Superior incompleto,Separado (a),Branca,"De R$ 813,00 a R$ 1.805,00",5,5,5,4,5,4,5,5,5,4,5,5,Minha experiência com o app foi maravilhosa 😁 amei as recomendações.
case 062,31c107f2-2f5a-465a-a57b-96689de9a765,5,1,5,6 to 20 books in a year,18 - 21 anos,Feminino,Rio Grande do Sul,Ensino médio incompleto,Solteiro(a),Parda,"De R$ 813,00 a R$ 1.805,00",4,4,5,5,5,5,5,5,5,4,5,5,
case 064,320a0058-905c-4fbb-9acf-bf2855c09e50,5,1,3,6 to 20 books in a year,18 - 21 anos,Feminino,Rio de Janeiro,Ensino médio completo,Solteiro(a),Parda,"De R$ 813,00 a R$ 1.805,00",5,4,5,5,5,5,5,5,5,5,5,5,
case 075,36ef3626-ac05-47d4-b3c4-670ec9455530,5,1,2,6 to 20 books in a year,22 - 25 anos,Feminino,Paraná,Superior incompleto,Solteiro(a),Branca,"De R$ 813,00 a R$ 1.805,00",5,5,5,5,4,5,5,5,5,5,5,5,"Amei os livros que me indicaram, e o app é incrível. "
case 128,54dc24f6-5cc1-436e-9ebb-8937d224842f,5,1,3,6 to 20 books in a year,18 - 21 anos,Feminino,São Paulo,Ensino médio completo,Solteiro(a),Branca,"De R$ 813,00 a R$ 1.805,00",3,4,5,4,3,4,3,5,5,4,5,5,
case 198,7c5d8c69-3c57-4e62-b2c2-ca0b826ead08,5,1,5,6 to 20 books in a year,26 - 29 anos,Feminino,São Paulo,Superior incompleto,Solteiro(a),Parda,"Até R$ 813,00",5,5,5,5,5,4,4,5,5,5,5,5,
case 200,7d5648da-639f-4b19-9cd0-4d4c3b693cf4,5,1,1,6 to 20 books in a year,26 - 29 anos,Masculino,Pernambuco,Superior incompleto,Solteiro(a),Branca,"De R$ 3.042,00 a R$ 5.449,00",5,5,5,4,5,3,4,5,5,5,5,5,
case 205,801bce01-8542-4e4c-965b-c79d7103e019,5,1,3,6 to 20 books in a year,18 - 21 anos,Feminino,São Paulo,Ensino médio completo,Solteiro(a),Branca,"De R$ 1.805,00 a R$ 3.042,00",4,5,4,5,4,5,4,5,5,5,5,5,"Gostei muito de navegar no aplicativo, gostei das indicações e queria poder escolher opções que me interessassem mais e que as informações fossem um pouco mais relevantes.
Mas no geral, gostei e com certeza gostaria de usar novamente."
case 215,8765e5f0-8ecc-4f42-87ac-19dd9d00594d,5,1,4,6 to 20 books in a year,18 - 21 anos,Feminino,Mato Grosso do Sul,Superior incompleto,Solteiro(a),Branca,"De R$ 3.042,00 a R$ 5.449,00",5,5,5,5,5,4,5,5,5,5,5,5,
case 220,8b19a565-34cb-4684-8d61-512975800bc0,5,1,3,6 to 20 books in a year,26 - 29 anos,Feminino,São Paulo,Superior incompleto,Casado(a),Branca,"De R$ 813,00 a R$ 1.805,00",5,5,5,5,4,5,5,5,5,5,5,5,
case 223,8d021413-bb09-4265-91d2-f8abfc8b4bdc,5,1,3,6 to 20 books in a year,26 - 29 anos,Feminino,Paraná,Ensino médio completo,Casado(a),Branca,"De R$ 1.805,00 a R$ 3.042,00",5,5,5,5,5,4,5,5,5,5,5,5,"Eu não conhecia o site, tive conhecimento por e-mail mas como amo livros ( porque ler não é só um hobby, ler é vida😍) aceitei responder o formulário. "
case 335,d5ca9bd0-7bff-47c2-ae17-1c552f633187,5,1,5,6 to 20 books in a year,18 - 21 anos,Feminino,Sergipe,Superior incompleto,Solteiro(a),Preta,"Até R$ 813,00",5,4,5,5,5,4,3,5,5,5,5,5,"Gostei muito das recomendações, não vejo a hora de ler os livros que estavam lá."
case 351,e18b59eb-4ea4-402c-a0f5-7d2e24c33190,5,1,5,6 to 20 books in a year,22 - 25 anos,Feminino,Mato Grosso do Sul,Superior incompleto,Solteiro(a),Branca,"De R$ 813,00 a R$ 1.805,00",5,5,5,4,5,4,5,5,5,4,4,4,
case 354,e2d8ae4e-ba4f-478c-88a2-d43d384b6a80,5,1,4,6 to 20 books in a year,26 - 29 anos,Feminino,Paraíba,Superior incompleto,Solteiro(a),Preta,"De R$ 1.805,00 a R$ 3.042,00",5,4,5,5,4,2,5,5,5,5,5,5,"Tinha muita recomendação do mesmo gênero, só deveria ter mais recomendações já que para pessoa que gostam de ler mais de um gênero poderia ter mais opções de escolha."
case 112,4b57b7a0-1899-462f-b5e6-468fb05c453a,5,1,3,More than 100 books in a year,26 - 29 anos,Feminino,São Paulo,Ensino médio completo,Casado(a),Branca,"De R$ 1.805,00 a R$ 3.042,00",4,4,5,4,2,2,1,4,4,2,2,5,
case 214,8716e754-5d68-484c-9da2-2c060a675e6d,5,1,2,More than 100 books in a year,22 - 25 anos,Feminino,São Paulo,Superior incompleto,Solteiro(a),Branca,Prefiro não declarar,4,4,5,5,4,1,4,4,4,4,4,5,"Achei o aplicativo muito legal, assim como a ideia por trás, é gostaria muito que tivessem livros internacionais também no app, ajudaria muito achar livros de fantasia "
case 262,a5ebff9e-fece-4a57-a0f4-287b2abeac95,5,1,2,More than 100 books in a year,22 - 25 anos,Feminino,Bahia,Pós-graduação completa,Solteiro(a),Parda,"De R$ 813,00 a R$ 1.805,00",5,4,3,5,5,5,5,4,3,4,4,5,"Vergonha
Eleanor e Grey
é assim que acaba 
mil beijos de garoto"
case 156,654780dd-786e-47b3-a85b-27d7804a294c,5,1,2,More than 100 books in a year,26 - 29 anos,Feminino,São Paulo,Ensino médio completo,Solteiro(a),Branca,"De R$ 3.042,00 a R$ 5.449,00",4,4,4,4,5,5,5,5,4,4,4,5,
case 169,6b6f2b03-151b-41ca-bc87-b859b963e394,5,1,4,More than 100 books in a year,18 - 21 anos,Feminino,Rio de Janeiro,Ensino médio completo,Solteiro(a),Parda,"De R$ 813,00 a R$ 1.805,00",4,2,5,4,3,4,5,5,4,5,5,4,
case 380,f694386a-3983-4a37-9e41-276b22dda250,6,1,2,20 to 50 books in a year,18 - 21 anos,Feminino,São Paulo,Superior incompleto,Solteiro(a),Branca,"De R$ 813,00 a R$ 1.805,00",5,5,5,4,5,3,5,5,5,3,4,5,
case 014,0a005a38-9e9c-489d-b82b-11b7070d9337,6,1,1,50 to 100 books in a year,22 - 25 anos,Feminino,São Paulo,Superior completo,Solteiro(a),Branca,"De R$ 3.042,00 a R$ 5.449,00",4,5,4,5,5,5,4,4,5,5,4,4,
case 211,8326d6bd-f10b-4790-9585-e54df48afa74,2,2,4,1 to 5 books in a year,22 - 25 anos,Feminino,Rio Grande do Sul,Superior completo,Solteiro(a),Branca,"De R$ 813,00 a R$ 1.805,00",4,3,4,3,2,3,3,2,2,1,3,1,
case 319,c9799bec-73fe-4f3a-9c2f-109d742ac86b,2,2,2,1 to 5 books in a year,22 - 25 anos,Feminino,Santa Catarina,Ensino médio completo,Casado(a),Branca,"De R$ 1.805,00 a R$ 3.042,00",4,5,4,5,2,4,5,5,5,4,4,4,
case 134,57cafb8f-e241-4ba9-9b69-73f013668267,4,2,2,1 to 5 books in a year,30 - 33 anos,Feminino,São Paulo,Ensino médio completo,Casado(a),Branca,"De R$ 813,00 a R$ 1.805,00",4,5,5,5,4,5,5,4,4,4,5,5,
case 104,4641465b-d256-4329-a3d1-a4b86201f3c4,4,2,3,20 to 50 books in a year,18 - 21 anos,Feminino,Paraná,Ensino médio completo,Solteiro(a),Parda,"De R$ 1.805,00 a R$ 3.042,00",4,5,4,3,4,3,2,4,3,4,4,5,
case 298,bdc2291a-7bc0-4635-b222-13dc9a257916,4,2,3,20 to 50 books in a year,30 - 33 anos,Feminino,Rio Grande do Sul,Ensino médio completo,União Estável,Parda,"De R$ 3.042,00 a R$ 5.449,00",4,5,4,5,5,4,4,4,4,4,5,5,
case 152,62ee80ea-0c21-45e7-9edf-944902495010,4,2,4,6 to 20 books in a year,22 - 25 anos,Feminino,São Paulo,Superior incompleto,Solteiro(a),Branca,"De R$ 1.805,00 a R$ 3.042,00",4,5,4,2,4,4,2,2,2,2,4,4,
case 363,e717e581-5688-48d2-9c5f-e20eca0da785,4,2,4,6 to 20 books in a year,26 - 29 anos,Feminino,Rio de Janeiro,Superior completo,Solteiro(a),Parda,"De R$ 813,00 a R$ 1.805,00",5,5,5,3,5,3,4,4,5,5,5,5,"Alguns dos livros que me foi recomendado eu já li, no geral o app e bom ."
case 158,65a93727-808e-4712-9b11-d6160154ffcd,4,2,3,6 to 20 books in a year,22 - 25 anos,Feminino,São Paulo,Superior incompleto,União Estável,Parda,"Até R$ 813,00",5,5,4,4,4,5,4,5,4,5,5,5,
case 203,7e89aaa2-f94e-428b-8a06-0e49a261e4da,4,2,5,6 to 20 books in a year,34 - 37 anos,Feminino,São Paulo,Ensino médio completo,Casado(a),Preta,"De R$ 813,00 a R$ 1.805,00",5,4,5,4,2,5,4,5,2,5,4,5,
case 289,b7b8bd00-7a59-4f37-9abb-54c720af4223,5,2,1,1 to 5 books in a year,18 - 21 anos,Outro,Rio Grande do Norte,Ensino médio incompleto,Solteiro(a),Branca,"De R$ 813,00 a R$ 1.805,00",2,4,1,2,3,4,2,2,2,2,3,3,
case 031,1a803b23-319c-4fa8-a389-da55b37b8fc1,5,2,3,1 to 5 books in a year,18 - 21 anos,Feminino,Minas Gerais,Superior incompleto,Solteiro(a),Parda,"De R$ 1.805,00 a R$ 3.042,00",4,5,5,5,4,5,4,4,5,5,5,5,
case 224,8d1dbc93-647e-4682-a7c6-08d478a6d617,5,2,2,1 to 5 books in a year,22 - 25 anos,Masculino,Ceará,Superior incompleto,Solteiro(a),Parda,"De R$ 813,00 a R$ 1.805,00",3,5,4,4,3,5,5,4,2,2,4,5,
case 251,9ee3f681-c02e-4f67-9d9a-be32fb6a1281,5,2,5,1 to 5 books in a year,22 - 25 anos,Feminino,São Paulo,Superior completo,Solteiro(a),Branca,"De R$ 1.805,00 a R$ 3.042,00",5,4,4,5,4,3,4,4,5,5,4,5,
case 268,ab507706-ff26-485d-87eb-ad4b9a51c697,5,2,3,1 to 5 books in a year,22 - 25 anos,Feminino,Paraná,Pós-graduação completa,União Estável,Branca,"De R$ 813,00 a R$ 1.805,00",5,4,4,5,2,4,3,4,5,5,4,4,
case 387,faf58b19-0959-4f22-919d-4b16d4f9a3cf,5,2,1,1 to 5 books in a year,18 - 21 anos,Masculino,Rio Grande do Sul,Superior incompleto,Solteiro(a),Branca,"De R$ 813,00 a R$ 1.805,00",4,5,4,5,5,5,3,4,4,5,5,5,
case 078,383dd698-f693-4d4b-a34a-53078814cca9,5,2,4,1 to 5 books in a year,30 - 33 anos,Feminino,Rio Grande do Sul,Ensino médio completo,Casado(a),Branca,"De R$ 1.805,00 a R$ 3.042,00",4,4,5,4,5,3,5,5,5,4,4,4,
case 148,60044904-62a1-4a08-a9ab-e18c75cf4d02,5,2,2,1 to 5 books in a year,Mais de 40 anos,Feminino,Rio Grande do Sul,Ensino médio completo,Casado(a),Branca,"De R$ 1.805,00 a R$ 3.042,00",5,5,4,4,5,5,5,5,5,5,5,5,Aplicativo ótimo!
case 357,e33a18f0-2883-44a9-8318-2c1e7fd460eb,5,2,3,1 to 5 books in a year,18 - 21 anos,Feminino,Pará,Superior incompleto,Solteiro(a),Parda,"De R$ 813,00 a R$ 1.805,00",5,5,5,5,4,5,5,5,4,4,5,5,
case 058,2eaf8c79-7ce5-4725-abe3-b1e2c77f787d,5,2,4,20 to 50 books in a year,34 - 37 anos,Feminino,Pernambuco,Pós-graduação completa,Casado(a),Parda,"De R$ 1.805,00 a R$ 3.042,00",2,2,3,1,1,1,1,1,1,1,3,4,"As opções foram poucas, deveriam deixar que o usuário pesquisasse o nome dos livros favoritos. e os mais lidos entrariam em votação, porém com opções mais amplas. A maioria dos livros era juvenis e não marquei esse item quando iniciei a pesquisa. Que tal começar sabendo do leitor e futuramente montar os dados para comparar leituras? Ou então separar por gêneros e dentro desses gêneros ter opções para marcar como lidos ou não? "
case 196,7a4301d1-f32c-42f5-b456-066a702090bf,5,2,5,20 to 50 books in a year,26 - 29 anos,Feminino,São Paulo,Ensino médio completo,Casado(a),Branca,"De R$ 1.805,00 a R$ 3.042,00",4,3,2,2,3,4,2,1,2,3,1,3,
case 323,ce6828ce-e9dc-4678-9189-e2ef31afeecf,5,2,1,20 to 50 books in a year,Mais de 40 anos,Feminino,São Paulo,Superior completo,Solteiro(a),Branca,Prefiro não declarar,4,4,2,1,1,1,1,1,1,4,2,4,
case 025,18927541-1a00-4f10-935c-64235d524aee,5,2,4,20 to 50 books in a year,22 - 25 anos,Feminino,Goiás,Ensino médio completo,Separado (a),Branca,"De R$ 813,00 a R$ 1.805,00",2,2,5,1,1,2,2,2,4,2,3,4,
case 077,37e9db70-9ea3-47e1-a48c-e4f8ed52d966,5,2,2,20 to 50 books in a year,18 - 21 anos,Feminino,Maranhão,Superior incompleto,Solteiro(a),Parda,"Até R$ 813,00",2,2,3,2,3,2,3,2,3,2,3,3,
case 106,4714f39c-a57b-4aa7-9898-8954cfd30b03,5,2,3,20 to 50 books in a year,26 - 29 anos,Feminino,São Paulo,Superior completo,Solteiro(a),Branca,"De R$ 3.042,00 a R$ 5.449,00",2,2,2,2,2,2,2,2,2,2,2,2,
case 390,fc50f003-85b2-4373-8c12-725d510b619b,5,2,3,20 to 50 books in a year,26 - 29 anos,Masculino,Paraná,Superior completo,Solteiro(a),Branca,"De R$ 3.042,00 a R$ 5.449,00",3,2,3,2,2,4,2,3,4,2,3,4,"Não sei se é porque sou muito indeciso, mas achei o número de livros sugeridos meio baixo, pois precisava escolher cinco dentre eles, acredito que aumentar o número de sugestões ajudaria um pouco, facilitaria as escolhas. Em linhais gerais, dá pra dizer que o aplicativo está cumprindo a proposta para o qual foi elaborado."
case 018,0e222833-5060-41ab-9387-d270d79950a5,5,2,3,20 to 50 books in a year,30 - 33 anos,Feminino,São Paulo,Superior completo,Casado(a),Preta,"De R$ 3.042,00 a R$ 5.449,00",4,4,2,1,1,1,5,4,5,5,4,4,
case 070,33e38098-573c-40d4-b3a6-c5c5b4a0c5ae,5,2,5,20 to 50 books in a year,22 - 25 anos,Feminino,Alagoas,Superior incompleto,Solteiro(a),Branca,"Até R$ 813,00",5,5,4,4,5,4,5,4,4,5,5,5,
case 107,4717a65b-dc82-404c-a2fb-af420be4ca3e,5,2,2,20 to 50 books in a year,26 - 29 anos,Feminino,Rio Grande do Sul,Superior incompleto,Casado(a),Parda,"De R$ 813,00 a R$ 1.805,00",3,4,3,4,4,1,4,4,4,4,4,3,"Como eu gosto de livro do gênero policial, suspense, (romance, fantasia, ficção não me atraí) então até mesmo em livrarias virtuais tenho dificuldade de encontrar livros do gênero. Mas o site no qual vi as recomendações é bem interessante e vou começar a usá-lo. Até no momento fico pesquisando recomendações na Amazon."
case 123,51f9fc29-c0d5-42f8-bda6-4767f701ece9,5,2,3,20 to 50 books in a year,22 - 25 anos,Feminino,Rondônia,Pós-graduação completa,União Estável,Parda,"De R$ 3.042,00 a R$ 5.449,00",3,4,4,3,5,3,4,4,5,4,4,5,
case 184,74e19b88-c8ec-481b-827c-2a456f4f295b,5,2,4,20 to 50 books in a year,26 - 29 anos,Feminino,Rio de Janeiro,Superior incompleto,Solteiro(a),Parda,"De R$ 1.805,00 a R$ 3.042,00",4,5,5,4,2,4,4,4,5,4,4,5,Achei uma ótima idéia porém precisa de melhorias
case 189,78975c7c-6895-4515-a2d2-a94af2779a9c,5,2,3,20 to 50 books in a year,18 - 21 anos,Feminino,Santa Catarina,Superior incompleto,Solteiro(a),Branca,"De R$ 813,00 a R$ 1.805,00",5,5,4,4,3,3,4,4,3,2,4,5,
case 208,818be23b-ec5f-4751-af0b-1e1fd347afd4,5,2,5,20 to 50 books in a year,18 - 21 anos,Feminino,Santa Catarina,Superior incompleto,Solteiro(a),Branca,"Acima de R$ 10.427,00",4,5,5,4,4,3,5,4,5,5,5,5,Seria interessante ter mais gêneros para escolher e ter resultados mais específicos 
case 237,9823f595-13e0-4e6f-8c7e-19805c6ad648,5,2,3,20 to 50 books in a year,22 - 25 anos,Feminino,São Paulo,Superior completo,Solteiro(a),Branca,"De R$ 5.449,00 a R$ 10.427,00",5,5,4,4,2,4,2,4,2,2,4,5,O site poderia ser mais interativo
case 269,abe37382-80dd-4494-a5fe-c151cc5c06f5,5,2,2,20 to 50 books in a year,26 - 29 anos,Feminino,Paraíba,Ensino médio completo,União Estável,Parda,"De R$ 813,00 a R$ 1.805,00",5,4,5,5,4,5,5,4,3,3,5,5,Achei um aplicativo interessante e espero começar a usa-lo em breve 
case 372,f1b04357-2e8b-4723-8729-09b9f6631aed,5,2,4,20 to 50 books in a year,22 - 25 anos,Feminino,Santa Catarina,Ensino médio completo,Solteiro(a),Branca,"De R$ 1.805,00 a R$ 3.042,00",4,5,5,3,3,5,5,4,4,5,5,5,. 
case 046,25d2dd4b-737f-4137-b7fb-fa79ca04793f,5,2,2,20 to 50 books in a year,22 - 25 anos,Feminino,Rio de Janeiro,Superior completo,Casado(a),Branca,"De R$ 813,00 a R$ 1.805,00",5,4,5,4,5,3,5,5,5,5,5,5,
case 052,2c181b84-18fb-4104-9dae-7b17ebea2ace,5,2,3,20 to 50 books in a year,30 - 33 anos,Feminino,São Paulo,Superior completo,Solteiro(a),Parda,"De R$ 813,00 a R$ 1.805,00",5,5,5,5,5,5,5,5,5,5,5,5,Gostei da recomendação
case 053,2c905cbd-45bd-42da-a3bb-be66858a2966,5,2,4,20 to 50 books in a year,34 - 37 anos,Feminino,Pernambuco,Ensino médio completo,Casado(a),Parda,"De R$ 1.805,00 a R$ 3.042,00",5,5,5,5,5,5,5,5,5,5,5,5,
case 061,2ff82e49-d81d-41aa-bfb6-42fb4c1771b5,5,2,4,20 to 50 books in a year,18 - 21 anos,Feminino,Goiás,Ensino médio completo,Solteiro(a),Branca,"De R$ 1.805,00 a R$ 3.042,00",5,5,4,4,4,5,5,5,5,5,5,5,"Amei as recomendações, exatamente dos gêneros e escritores que eu gosto"
case 091,3d8af0a5-1202-4318-812f-ef5a88223c4b,5,2,5,20 to 50 books in a year,22 - 25 anos,Feminino,Rio Grande do Sul,Pós-graduação incompleta,União Estável,Branca,"De R$ 3.042,00 a R$ 5.449,00",5,5,5,5,4,5,4,5,5,4,4,5,"Adorei os livros q foram selecionados para mim,mas poderia como sugestão, entrar direto no site de compra dos livros!"
case 105,467f43ef-dfc8-4a5f-b068-1a6b15cd936e,5,2,3,20 to 50 books in a year,22 - 25 anos,Feminino,Mato Grosso do Sul,Superior incompleto,Solteiro(a),Branca,"De R$ 1.805,00 a R$ 3.042,00",5,5,5,5,5,5,5,5,5,5,5,5,"Me surpreendi com as recomendações, pois elas se encaixaram exatamente nos meus gêneros favoritos. Tanto que algumas delas, eu já possuia na minha estante. O aplicativo me lembrou bastante os aplicativos de músicas, pois a forma como ele recomendou essas obras, são similares aos aplicativos de música, o que achei bastante interessante. "
case 177,6ffc6693-03a2-4411-89b5-27dcaf4b5fb6,5,2,2,20 to 50 books in a year,Mais de 40 anos,Feminino,Distrito Federal,Pós-graduação incompleta,Casado(a),Branca,"De R$ 5.449,00 a R$ 10.427,00",5,5,5,5,5,1,4,5,5,5,3,5,
case 244,9b9de854-3443-4fb2-b373-eaeb6bec60de,5,2,2,20 to 50 books in a year,34 - 37 anos,Feminino,Rio de Janeiro,Superior completo,Solteiro(a),Parda,"De R$ 1.805,00 a R$ 3.042,00",5,5,5,2,4,3,5,5,5,5,5,5,
case 253,9f6e42f2-9767-4eaa-9ad0-06eb6ddd54d1,5,2,2,20 to 50 books in a year,38 - 40 anos,Feminino,Sergipe,Superior incompleto,Casado(a),Parda,"De R$ 813,00 a R$ 1.805,00",5,5,5,5,5,4,5,5,5,5,5,5,Ótimo aplicativo! Amei!
case 280,b37f19ee-4d26-4a07-b0ce-5336de653de2,5,2,2,20 to 50 books in a year,18 - 21 anos,Feminino,Minas Gerais,Ensino médio completo,Solteiro(a),Branca,"De R$ 5.449,00 a R$ 10.427,00",5,5,4,5,5,4,5,5,5,5,5,5,
case 284,b6ef6afc-fa80-40bb-9d5f-998c53d08649,5,2,3,20 to 50 books in a year,18 - 21 anos,Feminino,Amazonas,Superior incompleto,Solteiro(a),Parda,"De R$ 1.805,00 a R$ 3.042,00",4,5,5,4,3,2,5,5,4,3,5,5,
case 290,b91543c0-6b99-427b-a699-63fd18ee3c16,5,2,2,20 to 50 books in a year,30 - 33 anos,Feminino,São Paulo,Superior incompleto,Solteiro(a),Branca,"De R$ 1.805,00 a R$ 3.042,00",5,5,5,5,5,5,5,5,5,5,5,5,
case 296,bc75ce0a-d74d-4df2-b70e-ac4acfd03ef5,5,2,2,20 to 50 books in a year,22 - 25 anos,Feminino,São Paulo,Superior completo,Solteiro(a),Preta,"De R$ 813,00 a R$ 1.805,00",4,5,5,5,4,5,2,5,5,4,4,5,
case 299,bdcf7640-515e-444f-8f95-ea73277d8126,5,2,3,20 to 50 books in a year,26 - 29 anos,Feminino,Goiás,Superior completo,Solteiro(a),Branca,"De R$ 3.042,00 a R$ 5.449,00",5,5,5,5,5,5,5,5,5,5,5,5,
case 304,bf6d140d-549c-44d0-a281-80669c13b2d0,5,2,2,20 to 50 books in a year,18 - 21 anos,Feminino,Rio de Janeiro,Ensino médio completo,Solteiro(a),Prefiro não declarar,"De R$ 3.042,00 a R$ 5.449,00",5,5,5,4,5,4,5,5,5,5,5,5,
case 324,cf4c8c18-33a0-461a-980f-5a0206b46834,5,2,2,20 to 50 books in a year,38 - 40 anos,Feminino,Minas Gerais,Pós-graduação completa,Solteiro(a),Branca,"De R$ 1.805,00 a R$ 3.042,00",4,5,5,5,5,5,5,5,5,4,5,5,
case 374,f385b0e0-228c-4f43-84ac-f934eb7e5911,5,2,2,20 to 50 books in a year,30 - 33 anos,Feminino,São Paulo,Superior completo,Casado(a),Branca,"De R$ 3.042,00 a R$ 5.449,00",5,5,5,5,5,5,5,5,5,5,5,5,
case 157,6558594a-a1bd-493f-b4e1-725bc0805a26,5,2,5,50 to 100 books in a year,18 - 21 anos,Feminino,São Paulo,Ensino médio completo,Solteiro(a),Parda,"De R$ 5.449,00 a R$ 10.427,00",1,3,1,1,3,1,1,1,2,5,2,3,"Bom, eu gostei do app porém tinha poucos livros nas recomendações e poucos gêneros literários para escolher, desse modo fui obrigada a selecionar gêneros que não gosto por falta de opção, consequentemente as recomendações pra mim não foram boas e minha experiência com o app não foi também não, porém acho que tem muito potencial se melhorar nas questões que citei acima."
case 275,afdc3a64-016d-4006-84fd-8c768f47c4b6,5,2,1,50 to 100 books in a year,26 - 29 anos,Feminino,São Paulo,Superior completo,Solteiro(a),Branca,"De R$ 3.042,00 a R$ 5.449,00",2,4,1,1,5,5,1,1,1,1,1,1,Muitos dos livros recomendados eu já tinha lido. 
case 021,0fe3a112-e628-4eec-9bda-c97ba0590195,5,2,2,50 to 100 books in a year,26 - 29 anos,Feminino,Pará,Superior incompleto,Solteiro(a),Preta,"De R$ 813,00 a R$ 1.805,00",5,4,1,4,3,5,3,2,4,3,2,3,
case 137,58faaa7c-ebc5-4df5-8f4d-b8cb2534d3a5,5,2,3,50 to 100 books in a year,22 - 25 anos,Feminino,Santa Catarina,Superior completo,União Estável,Branca,"De R$ 1.805,00 a R$ 3.042,00",4,5,4,4,5,4,4,3,4,2,4,4,Talvez ter mais opções sugeridas facilitaria mais. 
case 333,d4da8649-9b42-43c1-ab21-d3bf5af58479,5,2,2,50 to 100 books in a year,Mais de 40 anos,Feminino,São Paulo,Ensino médio completo,Casado(a),Branca,"De R$ 3.042,00 a R$ 5.449,00",2,2,2,2,2,3,3,3,3,2,3,2,Adorei os livros recomendados .
case 340,dbff53d9-8fc4-46ec-af65-72e2ec5c1445,5,2,2,50 to 100 books in a year,38 - 40 anos,Feminino,Santa Catarina,Superior completo,Casado(a),Branca,"De R$ 5.449,00 a R$ 10.427,00",3,3,3,3,3,3,3,3,3,3,3,3,
case 004,03322938-0e27-403c-85a0-6a576706a4b4,5,2,3,50 to 100 books in a year,30 - 33 anos,Feminino,São Paulo,Superior completo,Casado(a),Branca,"De R$ 5.449,00 a R$ 10.427,00",4,3,4,4,3,2,5,4,5,3,3,2,
case 118,4ec21164-250f-494d-8534-b678b3a2154a,5,2,4,50 to 100 books in a year,26 - 29 anos,Feminino,Rio Grande do Norte,Ensino médio completo,União Estável,Branca,Prefiro não declarar,4,5,5,3,2,2,2,4,4,4,4,5,Apenas uma atualização das indicações 
case 127,54bee7e5-c4c6-4179-a439-c7f623552502,5,2,3,50 to 100 books in a year,22 - 25 anos,Feminino,Pernambuco,Superior completo,Casado(a),Branca,"De R$ 3.042,00 a R$ 5.449,00",4,5,4,3,5,2,5,4,5,5,5,5,
case 132,5687553c-d0f9-4e1b-aef9-e577b27f05fb,5,2,3,50 to 100 books in a year,18 - 21 anos,Feminino,Tocantins,Ensino médio completo,Solteiro(a),Parda,"De R$ 1.805,00 a R$ 3.042,00",4,5,5,2,3,5,3,4,4,5,4,5,
case 160,686301af-3659-4755-86e2-1f4ff8c6112f,5,2,3,50 to 100 books in a year,26 - 29 anos,Feminino,São Paulo,Superior incompleto,Solteiro(a),Branca,"De R$ 1.805,00 a R$ 3.042,00",4,4,3,1,3,1,5,4,4,4,3,4,
case 180,72cecd2b-6782-4768-91b3-4a5dc2333d3c,5,2,4,50 to 100 books in a year,18 - 21 anos,Feminino,São Paulo,Ensino médio incompleto,Solteiro(a),Branca,"De R$ 3.042,00 a R$ 5.449,00",4,3,5,4,3,2,4,4,3,3,4,5,
case 281,b488186e-cea2-4337-b50e-ea5342988fd1,5,2,5,50 to 100 books in a year,18 - 21 anos,Feminino,Ceará,Ensino médio completo,Solteiro(a),Parda,"De R$ 3.042,00 a R$ 5.449,00",4,5,5,5,5,4,4,4,5,5,5,5,"Mentirosos
Os sete maridos de Evelyn hugo
Amor e gelato
Teto para dois
"
case 292,ba244a6b-e71d-43b1-856c-ac17b33a4ea0,5,2,3,50 to 100 books in a year,30 - 33 anos,Feminino,Santa Catarina,Superior completo,Casado(a),Branca,"Acima de R$ 10.427,00",5,4,5,4,4,5,2,4,5,2,4,4,
case 370,ef6a0693-e651-4918-9ee9-a2c47d7f8cb3,5,2,3,50 to 100 books in a year,30 - 33 anos,Feminino,Paraíba,Superior incompleto,Solteiro(a),Preta,"De R$ 3.042,00 a R$ 5.449,00",4,4,5,5,4,4,5,4,4,4,4,5,"Gostaria que tivesse mais opções e um maior número de livros para favoritar, achei 5 pouco."
case 373,f1fe1ca2-9856-4c6e-88da-55551cf15242,5,2,3,50 to 100 books in a year,18 - 21 anos,Feminino,São Paulo,Superior incompleto,Solteiro(a),Branca,"De R$ 3.042,00 a R$ 5.449,00",4,5,3,5,4,1,5,4,5,5,4,3,
case 028,19b441d8-60be-4830-b194-934d1cd3d1ac,5,2,3,50 to 100 books in a year,26 - 29 anos,Feminino,Paraná,Superior incompleto,Casado(a),Parda,"De R$ 3.042,00 a R$ 5.449,00",5,5,5,5,5,5,4,5,5,4,5,5,Poderia ter a opção para marcar como eu já li o livro
case 117,4e05bdf8-6ef7-44c3-8db5-79c331e6ca52,5,2,3,50 to 100 books in a year,18 - 21 anos,Feminino,Minas Gerais,Superior incompleto,Solteiro(a),Branca,"De R$ 813,00 a R$ 1.805,00",5,4,5,4,4,5,4,5,5,4,5,5,
case 131,5639a846-83f6-44f2-933c-90ead72a1e04,5,2,4,50 to 100 books in a year,22 - 25 anos,Feminino,Espírito Santo,Superior completo,Solteiro(a),Branca,"De R$ 813,00 a R$ 1.805,00",5,2,3,1,3,2,5,5,5,1,2,3,"Selecionei fantasia e romance, mas o app me mostrou que não se encaixam na categoria. Favorito livros que já tinha lido."
case 135,57e686da-d5e1-4b23-a54f-ec2ca9efccc5,5,2,2,50 to 100 books in a year,18 - 21 anos,Feminino,Minas Gerais,Ensino médio completo,Solteiro(a),Branca,"De R$ 5.449,00 a R$ 10.427,00",5,4,5,4,5,4,5,5,5,5,5,5,
case 159,665abc66-a764-4f87-8c03-200a67e7f625,5,2,2,50 to 100 books in a year,26 - 29 anos,Feminino,São Paulo,Superior incompleto,Casado(a),Branca,"De R$ 3.042,00 a R$ 5.449,00",5,4,5,4,5,4,5,5,5,5,5,5,
case 167,6afbc96b-e2d7-4c16-816e-e22fdb21150a,5,2,4,50 to 100 books in a year,26 - 29 anos,Feminino,São Paulo,Superior completo,Solteiro(a),Branca,"De R$ 1.805,00 a R$ 3.042,00",5,5,5,4,4,2,5,5,5,5,5,5,
case 230,93162f3e-341c-4fc2-b231-72ce2a8e3b92,5,2,3,50 to 100 books in a year,22 - 25 anos,Feminino,São Paulo,Ensino médio completo,União Estável,Branca,"De R$ 813,00 a R$ 1.805,00",5,5,5,4,5,4,4,5,5,4,5,5,
case 377,f5ecae04-cabd-4e78-892e-a515ecfed57c,5,2,2,50 to 100 books in a year,34 - 37 anos,Feminino,Maranhão,Superior completo,Casado(a),Parda,"De R$ 5.449,00 a R$ 10.427,00",5,5,5,4,4,4,5,5,5,5,4,5,
case 050,2ae72c58-90ab-4ffb-be17-238e749e0086,5,2,3,6 to 20 books in a year,22 - 25 anos,Feminino,Rondônia,Pós-graduação incompleta,União Estável,Parda,"De R$ 1.805,00 a R$ 3.042,00",2,2,3,1,2,1,2,2,2,3,3,3,
case 015,0abe888e-6a77-491a-8a54-cc03644ba0e0,5,2,3,6 to 20 books in a year,22 - 25 anos,Feminino,São Paulo,Superior incompleto,Solteiro(a),Parda,"De R$ 3.042,00 a R$ 5.449,00",4,5,4,4,5,4,2,3,4,4,4,4,
case 239,9896210d-d7ff-42c5-b5c2-93bd2d942c93,5,2,5,6 to 20 books in a year,26 - 29 anos,Feminino,Mato Grosso,Pós-graduação completa,Solteiro(a),Branca,"De R$ 5.449,00 a R$ 10.427,00",3,4,3,4,3,3,4,3,4,3,4,5,
case 030,1a38d366-3bf5-403c-9128-feaca537751c,5,2,5,6 to 20 books in a year,22 - 25 anos,Feminino,São Paulo,Superior completo,Solteiro(a),Branca,"De R$ 1.805,00 a R$ 3.042,00",5,5,4,4,5,3,5,4,5,5,5,5,
case 084,3a9dc1b0-871c-44ac-9f61-0e99da1ddd7f,5,2,3,6 to 20 books in a year,38 - 40 anos,Prefiro não dizer,São Paulo,Superior completo,Casado(a),Parda,"De R$ 813,00 a R$ 1.805,00",2,4,4,4,5,4,4,4,3,4,3,4,"Alguns botões não estão funcionando corretamente. O de gênero não deixou selecionar feminino, por exemplo"
case 210,827b49db-cfbb-4532-8295-2f71fc8cba93,5,2,4,6 to 20 books in a year,26 - 29 anos,Feminino,Amapá,Superior incompleto,Solteiro(a),Preta,"Até R$ 813,00",4,4,4,4,2,4,2,4,4,4,4,4,
case 291,b965a406-662a-47d9-964b-87b6bedfb883,5,2,5,6 to 20 books in a year,34 - 37 anos,Masculino,Pernambuco,Superior incompleto,Solteiro(a),Branca,"De R$ 813,00 a R$ 1.805,00",4,4,4,4,2,3,2,4,4,4,4,4,"Ficou uma certa dúvida quanto as características e gêneros dos livros escolhidos. Deveria informar isto na descrição de cada livro. Informações técnicas também seria interessante, pra que compra e lê é importante. A interface do app vai ganhar mais cores? "
case 303,bf65ed44-ee9f-453b-afad-45d1f3010732,5,2,3,6 to 20 books in a year,22 - 25 anos,Feminino,São Paulo,Superior completo,Solteiro(a),Parda,"De R$ 3.042,00 a R$ 5.449,00",4,4,5,5,4,3,4,4,3,4,3,5,
case 336,d7589a3d-a8bc-4cab-a377-56b6e6ec9983,5,2,4,6 to 20 books in a year,18 - 21 anos,Feminino,São Paulo,Ensino médio completo,Solteiro(a),Parda,"De R$ 1.805,00 a R$ 3.042,00",2,4,5,2,2,4,4,4,5,2,3,2,
case 344,ddf1f0a0-8b6d-4ea4-b303-7eb02be35175,5,2,2,6 to 20 books in a year,26 - 29 anos,Feminino,Rio Grande do Norte,Superior incompleto,Casado(a),Branca,"De R$ 1.805,00 a R$ 3.042,00",5,5,5,5,4,3,4,4,5,4,4,4,
case 023,138f0ae6-2c64-4508-9fac-a6ce5744dc56,5,2,3,6 to 20 books in a year,18 - 21 anos,Feminino,Ceará,Ensino médio completo,Solteiro(a),Branca,"De R$ 813,00 a R$ 1.805,00",5,5,5,5,4,5,5,5,5,4,5,4,Gostei bastante e até queria marcar mais livros porque realmente amei as recomendações!!!
case 026,18cee2e0-e461-4c23-bfde-1284427706e2,5,2,3,6 to 20 books in a year,34 - 37 anos,Feminino,Rio Grande do Sul,Pós-graduação completa,Casado(a),Branca,"De R$ 3.042,00 a R$ 5.449,00",4,5,4,5,5,4,5,5,5,5,4,4,
case 055,2d4ae2ef-c9bb-4362-8ae1-856aea75731d,5,2,2,6 to 20 books in a year,30 - 33 anos,Feminino,São Paulo,Superior completo,Solteiro(a),Parda,"De R$ 1.805,00 a R$ 3.042,00",5,5,5,5,5,5,4,5,5,5,5,5,
case 069,33572615-d025-42e2-a145-8cd4682930cb,5,2,3,6 to 20 books in a year,34 - 37 anos,Feminino,Minas Gerais,Pós-graduação completa,Solteiro(a),Parda,Prefiro não declarar,2,5,5,1,3,3,4,5,4,4,3,4,
case 113,4b9c5001-7199-4a90-b059-2ecefb469825,5,2,3,6 to 20 books in a year,26 - 29 anos,Masculino,São Paulo,Pós-graduação incompleta,União Estável,Branca,"De R$ 1.805,00 a R$ 3.042,00",4,5,5,5,4,5,4,5,5,4,5,5,
case 121,51692a46-7bf5-4c3b-9c71-917b3b707390,5,2,1,6 to 20 books in a year,18 - 21 anos,Feminino,São Paulo,Superior completo,Solteiro(a),Parda,"De R$ 1.805,00 a R$ 3.042,00",5,5,5,4,4,3,5,5,4,5,5,4,
case 136,5848f9ea-be27-4e47-8613-07a7141c24b6,5,2,2,6 to 20 books in a year,22 - 25 anos,Feminino,Rio Grande do Sul,Superior completo,Solteiro(a),Branca,"De R$ 813,00 a R$ 1.805,00",5,5,4,5,5,5,4,5,4,5,5,5,
case 183,743b90b6-4166-40ce-96a0-9009d2aa16a5,5,2,3,6 to 20 books in a year,18 - 21 anos,Feminino,Santa Catarina,Ensino médio completo,Solteiro(a),Preta,Prefiro não declarar,5,1,5,5,5,5,5,5,5,5,5,5,
case 191,795c856a-5320-4c1e-9bbc-8a00f142ad29,5,2,4,6 to 20 books in a year,22 - 25 anos,Feminino,Rio Grande do Sul,Superior incompleto,Solteiro(a),Preta,"De R$ 3.042,00 a R$ 5.449,00",5,4,5,5,4,4,4,5,4,4,4,4,
case 260,a4c9d155-a4fd-4390-95d1-e8b1c153e43f,5,2,4,6 to 20 books in a year,26 - 29 anos,Feminino,Rio de Janeiro,Ensino médio completo,Solteiro(a),Preta,"De R$ 813,00 a R$ 1.805,00",5,5,5,5,5,5,5,5,5,5,5,5,Poderiam recomendar mais livros de Terror
case 267,ab268cbc-7416-4057-86e0-754352019b35,5,2,5,6 to 20 books in a year,22 - 25 anos,Feminino,Rio Grande do Sul,Superior incompleto,Solteiro(a),Branca,"De R$ 813,00 a R$ 1.805,00",5,5,5,5,5,3,5,5,5,5,5,5,"Achei um bom aplicativo para nós que amamos ler e as vezes não sabemos qual será nossa próxima leitura, ele recomenda livros bons."
case 302,bf598f2d-d0a9-4685-83eb-9648d8070d53,5,2,2,6 to 20 books in a year,26 - 29 anos,Feminino,Minas Gerais,Superior completo,Solteiro(a),Preta,"De R$ 813,00 a R$ 1.805,00",4,5,4,5,4,2,4,5,5,5,4,5,
case 337,d7e19f8b-e5f6-41cd-89a9-1a848c0c2141,5,2,5,6 to 20 books in a year,22 - 25 anos,Feminino,São Paulo,Superior incompleto,Solteiro(a),Branca,"De R$ 1.805,00 a R$ 3.042,00",5,5,5,5,4,4,5,5,5,5,5,5,
case 355,e2f3ad37-c711-4c4d-a30f-51adf70f04bb,5,2,2,6 to 20 books in a year,18 - 21 anos,Feminino,Santa Catarina,Superior incompleto,Solteiro(a),Branca,"De R$ 1.805,00 a R$ 3.042,00",5,4,5,5,5,3,5,5,5,4,5,5,
case 359,e4285377-af08-44b9-af57-b236670fa59a,5,2,3,6 to 20 books in a year,22 - 25 anos,Feminino,Rio de Janeiro,Superior incompleto,União Estável,Parda,"Até R$ 813,00",5,5,5,5,5,5,5,5,5,5,5,5,
case 367,eb3acf4d-acb9-4324-b0de-abc08f96cdac,5,2,3,6 to 20 books in a year,26 - 29 anos,Feminino,Minas Gerais,Superior completo,União Estável,Branca,"De R$ 3.042,00 a R$ 5.449,00",4,5,5,3,4,1,5,5,5,5,5,5,
case 376,f597ed34-19a3-4e8e-bec4-a473cb95de16,5,2,3,6 to 20 books in a year,26 - 29 anos,Feminino,São Paulo,Pós-graduação incompleta,Solteiro(a),Branca,"De R$ 3.042,00 a R$ 5.449,00",5,5,5,5,4,3,5,5,5,4,5,5,
case 012,08359afb-219b-43bc-87dc-7096152a5663,5,2,3,More than 100 books in a year,22 - 25 anos,Feminino,São Paulo,Superior completo,Casado(a),Parda,"De R$ 1.805,00 a R$ 3.042,00",5,4,5,4,4,4,4,4,5,5,5,5,Adorei 
case 076,3735ef3a-60ce-4557-9bc6-760ad429cf93,5,2,3,More than 100 books in a year,18 - 21 anos,Feminino,Rio de Janeiro,Superior incompleto,Solteiro(a),Preta,"De R$ 813,00 a R$ 1.805,00",5,5,5,5,5,4,4,4,5,4,5,5,
case 092,3e1c5964-939c-4a1c-8d6d-3daa5b6c7d6d,5,2,3,More than 100 books in a year,18 - 21 anos,Feminino,São Paulo,Superior incompleto,Solteiro(a),Branca,"De R$ 3.042,00 a R$ 5.449,00",4,5,5,4,5,3,5,4,5,5,5,5,Poderiam recomendar livros desconhecidos também
case 206,804a08dc-fe7f-4c04-ba88-e16f99e5286d,5,2,1,More than 100 books in a year,30 - 33 anos,Feminino,Santa Catarina,Superior completo,Solteiro(a),Branca,"De R$ 1.805,00 a R$ 3.042,00",3,4,3,4,3,4,4,4,4,3,4,3,
case 098,43703c3d-1ae8-4337-8a99-334d5c534875,5,2,4,More than 100 books in a year,34 - 37 anos,Feminino,Pernambuco,Pós-graduação completa,Casado(a),Branca,"De R$ 3.042,00 a R$ 5.449,00",3,5,3,2,2,3,4,5,5,5,4,4,
case 246,9d00d596-fdee-4e45-ad68-39e6d367bb57,5,2,3,More than 100 books in a year,18 - 21 anos,Feminino,Pernambuco,Ensino médio completo,Solteiro(a),Branca,"De R$ 813,00 a R$ 1.805,00",4,4,5,5,5,4,4,5,5,5,5,5,
case 173,6e2a66f8-5a6e-42f0-80c5-4a36deddb73a,6,2,2,20 to 50 books in a year,18 - 21 anos,Feminino,São Paulo,Ensino médio completo,Solteiro(a),Branca,"De R$ 1.805,00 a R$ 3.042,00",4,5,4,1,3,1,1,3,5,4,5,4,
case 027,19711f1c-0794-4c36-9811-a96868d6b72f,4,3,3,20 to 50 books in a year,Mais de 40 anos,Feminino,Minas Gerais,Superior completo,Solteiro(a),Prefiro não declarar,"De R$ 3.042,00 a R$ 5.449,00",4,5,4,2,2,1,,4,4,,4,5,
case 095,3ffbd22d-2856-4066-a64a-40ef84f9448d,4,3,3,20 to 50 books in a year,22 - 25 anos,Feminino,Rio de Janeiro,Ensino médio completo,Solteiro(a),Parda,"De R$ 813,00 a R$ 1.805,00",5,4,5,4,5,4,5,5,5,5,4,5,
case 138,5a1a5044-0877-4c0b-ade3-e0b7ce4a33b1,4,3,4,20 to 50 books in a year,18 - 21 anos,Feminino,Rio de Janeiro,Ensino médio completo,Solteiro(a),Parda,"De R$ 813,00 a R$ 1.805,00",5,4,5,5,4,4,5,5,5,5,4,5,"Eu adorei todas as indicações, inclusive alguns dos livros já estavam na minha lista para comprar futuramente. O aplicativo é realmente muito bom, ainda mais quando se precisa conhecer livros novos. Eu amei!"
case 083,3a57587b-435d-4bc4-9f83-1f7bc73f0c54,5,3,3,1 to 5 books in a year,30 - 33 anos,Feminino,Rio de Janeiro,Superior incompleto,Casado(a),Branca,Prefiro não declarar,4,5,4,5,4,5,4,4,4,5,5,5,
case 250,9dfb27ed-79e3-4de2-a27d-eb2175eae1ac,5,3,5,1 to 5 books in a year,22 - 25 anos,Masculino,Rio de Janeiro,Superior incompleto,Solteiro(a),Preta,"De R$ 813,00 a R$ 1.805,00",5,5,5,5,4,5,4,4,5,5,5,5,
case 311,c42158f8-400e-4c77-b4ca-58f4a7c59bb3,5,3,5,20 to 50 books in a year,30 - 33 anos,Feminino,Ceará,Pós-graduação completa,Casado(a),Parda,"De R$ 1.805,00 a R$ 3.042,00",2,2,2,2,2,2,2,2,2,2,2,2,
case 350,e0b80c98-7aa8-4304-815c-e593cfb36c71,5,3,4,20 to 50 books in a year,26 - 29 anos,Feminino,Pernambuco,Ensino médio completo,Solteiro(a),Parda,"De R$ 813,00 a R$ 1.805,00",3,2,3,3,2,3,3,2,3,3,3,3,
case 358,e3b88f70-2a76-47dd-82e5-e51cbd4c28fd,5,3,2,20 to 50 books in a year,22 - 25 anos,Feminino,Rio de Janeiro,Superior incompleto,Solteiro(a),Branca,"De R$ 3.042,00 a R$ 5.449,00",2,5,3,1,5,4,3,3,4,3,3,4,"Dos livros recomendados, a maioria eu já finha lido, entre que eu não tinha lido eu ja conhecia a maioria e teve 3 que não eram do meu interesse, então me ajudou em nada, mas gostei mesmo assim da proprosta, as vwzes procuro algo para ler e não sei por onde começar, então eu usaria o app. Dica: seria bom ter uma parte onde a pessoa marca os livros que já leu, assim as recomendações serão sempre novas"
case 140,5b128062-8641-4bc7-8cbc-756b4a063c32,5,3,3,20 to 50 books in a year,18 - 21 anos,Feminino,Goiás,Ensino médio completo,Solteiro(a),Prefiro não declarar,Prefiro não declarar,4,5,5,1,4,1,5,4,4,5,5,4,
case 151,62a68819-9dfa-4a0c-8942-c6e9ff223630,5,3,3,20 to 50 books in a year,22 - 25 anos,Feminino,São Paulo,Superior incompleto,Solteiro(a),Branca,"De R$ 1.805,00 a R$ 3.042,00",4,3,5,3,3,4,4,4,5,5,3,2,
case 216,88e6235b-62f0-48e6-881a-56868b57e38b,5,3,3,20 to 50 books in a year,18 - 21 anos,Feminino,Goiás,Ensino médio completo,Solteiro(a),Parda,"De R$ 1.805,00 a R$ 3.042,00",3,5,5,4,4,5,5,4,4,5,4,5,
case 229,929c7db4-fa95-4770-9f73-83d32754a1b1,5,3,3,20 to 50 books in a year,Mais de 40 anos,Feminino,São Paulo,Pós-graduação completa,Separado (a),Parda,"De R$ 3.042,00 a R$ 5.449,00",4,4,5,4,4,4,5,4,4,4,4,4,
case 254,9ff0dbfe-c9ee-4a22-80d3-968d4b15aab8,5,3,5,20 to 50 books in a year,22 - 25 anos,Feminino,São Paulo,Ensino médio completo,Solteiro(a),Parda,"De R$ 1.805,00 a R$ 3.042,00",4,5,5,4,4,5,4,4,4,5,5,5,"Poderia colocar mais recomendação de livros de romance, eu não vi muitos"
case 271,aca87bae-7b25-483a-ab8e-aded8c41f140,5,3,2,20 to 50 books in a year,26 - 29 anos,Feminino,Santa Catarina,Superior completo,Casado(a),Branca,"De R$ 5.449,00 a R$ 10.427,00",4,5,4,4,4,5,4,4,5,5,5,5,
case 126,53a60695-d45b-455f-b233-7b6bdeff71a4,5,3,3,20 to 50 books in a year,18 - 21 anos,Feminino,Minas Gerais,Ensino médio completo,Solteiro(a),Preta,"De R$ 1.805,00 a R$ 3.042,00",5,5,5,5,5,4,5,5,5,5,5,5,"As recomendações superaram as minhas expectativas. O aplicativo sugeriu livros que quero ler, e o formulário no início do app, que pede para colocar os gêneros literários preferidos,  contribuiu muito para que os livros propostos chamassem bastante a minha atenção."
case 143,5bff8cb3-cfbf-4aa2-8856-9a4bb586edc4,5,3,4,20 to 50 books in a year,18 - 21 anos,Feminino,Pernambuco,Ensino médio completo,Solteiro(a),Branca,"De R$ 813,00 a R$ 1.805,00",4,3,5,4,5,4,4,5,4,5,5,4,
case 193,7996b3b3-cf39-4095-a111-9183398187ba,5,3,5,20 to 50 books in a year,26 - 29 anos,Feminino,São Paulo,Superior completo,Solteiro(a),Parda,"De R$ 3.042,00 a R$ 5.449,00",5,5,5,4,5,1,5,5,5,5,5,5,
case 257,a36bd05c-f873-462b-a3e3-856f06ad405b,5,3,4,20 to 50 books in a year,Mais de 40 anos,Feminino,Ceará,Pós-graduação completa,Separado (a),Parda,"De R$ 1.805,00 a R$ 3.042,00",5,5,5,5,5,4,5,5,5,5,5,5,
case 097,421daef9-c43f-4a83-9cbc-328ec57cfc6e,5,3,4,50 to 100 books in a year,18 - 21 anos,Outro,Santa Catarina,Ensino médio completo,Solteiro(a),Preta,"De R$ 1.805,00 a R$ 3.042,00",4,3,5,4,5,3,4,4,5,4,3,3,"Sentir falta de uma lupa de busca, e uma área para o usuário. Gostei da facilidade de uso e de ter uma base de valor no mercado, com certeza é o que mais vale quando quero comprar um livro. Quando o livro me chamou a atenção logo procurei saber  o quanto ele estava nos favoritos mesmo eu sabendo que isso não interferia na minha compra porém um livro super favoritado subiria  na minha wishlist. 
Trás um conforto visual em outro aplicativos de livro muitas vezes procuro aumentar a fonte de tamanho e deixo de usar algum que não ter um conforto sem pensar muitas vezes.
Não lembro ter visto  o tanto de páginas dos livros e o ano de lançamento da edição. Uma coisa que mais me frusta é comprar um livro com ótimas recomendações e a diagramação ser péssima deveria ter uma sugestão a isso ( baixa, média ou alta)  seria bem satisfatório."
case 073,35f416d2-830c-4306-ad29-cb5a82fd872f,5,3,3,50 to 100 books in a year,22 - 25 anos,Feminino,São Paulo,Superior incompleto,União Estável,Preta,"De R$ 3.042,00 a R$ 5.449,00",4,5,5,5,4,4,5,5,4,5,5,5,
case 179,72afcbf0-5cf0-4d75-b3ec-984ce48f02dc,5,3,4,50 to 100 books in a year,18 - 21 anos,Feminino,Paraná,Pós-graduação incompleta,União Estável,Branca,"De R$ 813,00 a R$ 1.805,00",5,5,5,5,4,5,5,5,5,4,5,5,
case 182,72e69cd6-351a-4c9f-9594-3f84f42d9ca8,5,3,3,50 to 100 books in a year,30 - 33 anos,Feminino,São Paulo,Superior incompleto,Solteiro(a),Branca,"De R$ 1.805,00 a R$ 3.042,00",5,5,5,5,5,5,5,5,5,5,5,5,
case 273,afa7aa20-612f-44ca-9f10-f211ee657143,5,3,3,50 to 100 books in a year,18 - 21 anos,Feminino,São Paulo,Ensino médio incompleto,Solteiro(a),Branca,"De R$ 1.805,00 a R$ 3.042,00",5,5,5,4,4,5,5,5,4,5,5,5,Fiquei surpreso com algumas recomendações de livros e apareceu alguns que já estava ansiosa e outros q ouvi falar e que vou dar uma chance para ler
case 341,dd11ae7a-ed8a-49ae-9eb4-6bdfc4f5f5bf,5,3,4,50 to 100 books in a year,34 - 37 anos,Feminino,Alagoas,Pós-graduação completa,Solteiro(a),Branca,"De R$ 3.042,00 a R$ 5.449,00",4,4,5,4,1,1,1,5,1,1,,5,
case 326,cfe205f0-07f2-42d6-9e6d-16f875e58f9a,5,3,5,6 to 20 books in a year,26 - 29 anos,Feminino,São Paulo,Pós-graduação completa,Solteiro(a),Branca,"De R$ 813,00 a R$ 1.805,00",3,4,5,4,2,5,2,2,2,3,4,5,"Eu gostei do aplicativo e gostei das recomendações. Principalmente pq vi referências sobre Segunda Guerra Mundial (sou Historiadora rs ) e gostei também pq tinha Darkside books sou apaixonada pela editora. Mas esperava que tivesse mais recomendações. No mais, é isso. Eu recomendo!"
case 238,98262f46-da6e-4164-a16a-70f50b352a4f,5,3,3,6 to 20 books in a year,26 - 29 anos,Feminino,Alagoas,Superior completo,Solteiro(a),Parda,"De R$ 1.805,00 a R$ 3.042,00",4,4,5,3,2,3,5,3,2,3,4,5,
case 300,bddc7c3e-4ba0-4fc2-9a17-4114fee0b198,5,3,3,6 to 20 books in a year,22 - 25 anos,Feminino,Rio de Janeiro,Superior completo,Solteiro(a),Branca,"De R$ 5.449,00 a R$ 10.427,00",4,4,3,4,1,1,2,3,2,5,3,4,
case 032,1c743e55-fdab-4b5e-9ac6-8018f5ac0aa1,5,3,3,6 to 20 books in a year,26 - 29 anos,Feminino,Amapá,Superior completo,Solteiro(a),Parda,"De R$ 813,00 a R$ 1.805,00",3,5,4,4,5,3,3,4,4,2,4,4,
case 060,2fdc5789-f231-4fd9-a45a-753b5bae4c74,5,3,3,6 to 20 books in a year,26 - 29 anos,Feminino,São Paulo,Ensino médio completo,Casado(a),Preta,"De R$ 813,00 a R$ 1.805,00",5,5,5,5,5,3,5,4,4,5,5,5,
case 063,31ef8e01-0cdf-4fec-8aef-dc576f43178b,5,3,3,6 to 20 books in a year,18 - 21 anos,Feminino,Pernambuco,Superior incompleto,Solteiro(a),Branca,"De R$ 813,00 a R$ 1.805,00",5,5,4,5,5,5,4,4,5,5,5,5,
case 100,43bed478-04d1-49ee-b656-d41911df7194,5,3,3,6 to 20 books in a year,26 - 29 anos,Feminino,Mato Grosso do Sul,Superior incompleto,União Estável,Parda,"De R$ 1.805,00 a R$ 3.042,00",5,5,5,4,4,3,3,4,4,3,4,5,
case 165,6a5f4a47-0db4-4a6d-84ac-49bbb888ed0c,5,3,4,6 to 20 books in a year,18 - 21 anos,Feminino,Paraná,Ensino médio completo,Solteiro(a),Branca,"De R$ 1.805,00 a R$ 3.042,00",4,5,5,3,4,4,4,4,4,4,5,5,
case 003,022b70eb-7744-4dcf-a6c9-9217f5541b66,5,3,2,6 to 20 books in a year,22 - 25 anos,Feminino,Pernambuco,Ensino médio completo,Solteiro(a),Parda,"De R$ 1.805,00 a R$ 3.042,00",5,5,5,4,5,5,5,5,5,5,5,5,
case 029,19f423c5-4232-4b3c-ada7-48ef50ff789d,5,3,3,6 to 20 books in a year,18 - 21 anos,Feminino,Rio Grande do Sul,Superior incompleto,Solteiro(a),Branca,"De R$ 1.805,00 a R$ 3.042,00",5,5,5,5,5,5,5,5,5,5,5,5,Gostei da ideia!
case 067,3299a37e-6073-4b26-9c32-f4c2cc5fa536,5,3,4,6 to 20 books in a year,22 - 25 anos,Masculino,Mato Grosso,Ensino médio completo,Solteiro(a),Parda,"De R$ 813,00 a R$ 1.805,00",5,5,5,5,5,5,5,5,5,5,5,5,
case 079,38522be4-ac66-4a6a-af4a-22e9dee949db,5,3,4,6 to 20 books in a year,18 - 21 anos,Feminino,Paraíba,Superior incompleto,Solteiro(a),Branca,"De R$ 813,00 a R$ 1.805,00",5,5,5,4,4,4,5,5,5,3,5,5,
case 130,561da376-bbae-4cbf-b9f9-d0db0021cf7c,5,3,4,6 to 20 books in a year,26 - 29 anos,Feminino,Santa Catarina,Ensino médio completo,Solteiro(a),Branca,"Até R$ 813,00",5,5,5,5,5,5,5,5,5,5,5,5,
case 147,5ff94b65-4d42-4877-a73d-6b10a8a38615,5,3,4,6 to 20 books in a year,34 - 37 anos,Feminino,Sergipe,Superior completo,União Estável,Parda,"De R$ 1.805,00 a R$ 3.042,00",5,5,5,5,5,5,5,5,5,5,5,5,O App está de parabéns muito intuitivo e tem ótimas sugestões de leitura.
case 171,6d84daf8-468e-4eb0-bc74-6699e5c0c13d,5,3,3,6 to 20 books in a year,22 - 25 anos,Feminino,São Paulo,Superior completo,Solteiro(a),Branca,"De R$ 5.449,00 a R$ 10.427,00",4,4,5,4,5,1,5,5,5,5,5,5,
case 222,8cf9f0cd-b4e8-4a1d-955a-9f15e999aa62,5,3,3,6 to 20 books in a year,30 - 33 anos,Feminino,Sergipe,Ensino médio completo,Solteiro(a),Parda,"Até R$ 813,00",5,5,5,5,5,,5,5,5,5,5,5,Maravilha!
case 235,976bc93a-a13f-48ac-a438-18d64c7cb17b,5,3,3,6 to 20 books in a year,22 - 25 anos,Feminino,Rio Grande do Sul,Pós-graduação incompleta,Solteiro(a),Branca,"Até R$ 813,00",5,5,4,5,5,5,5,5,5,5,5,5,"Achei muito boa a indicação de livros, sugiro um espaço para interação entre bookstans! Seja para comentários ou enquetes!"
case 255,a00c772b-48bb-43ce-8d98-3aa8df6067cc,5,3,1,6 to 20 books in a year,30 - 33 anos,Feminino,Piauí,Ensino médio completo,União Estável,Parda,"De R$ 813,00 a R$ 1.805,00",5,4,5,5,4,5,5,5,5,5,5,5,
case 259,a4b482b0-458f-401a-ac46-fd50720b2134,5,3,4,6 to 20 books in a year,34 - 37 anos,Feminino,Pará,Superior completo,Solteiro(a),Parda,"Até R$ 813,00",2,2,4,2,1,1,1,5,5,1,2,1,
case 270,abea0923-fd20-4c1b-936f-f721b9a5eab5,5,3,3,6 to 20 books in a year,22 - 25 anos,Feminino,Rio de Janeiro,Ensino médio completo,Casado(a),Parda,"De R$ 813,00 a R$ 1.805,00",5,4,5,4,4,4,5,5,5,4,5,5,Amei o app super fácil e legal de usar...
case 318,c940f5b7-a190-450c-a251-0ca97cf6df41,5,3,3,6 to 20 books in a year,38 - 40 anos,Feminino,São Paulo,Superior incompleto,Casado(a),Branca,"De R$ 3.042,00 a R$ 5.449,00",5,5,5,5,5,5,5,5,5,5,5,5,
case 149,6096eabd-037e-4fc4-9dd3-c0576b1f2c7a,5,3,3,More than 100 books in a year,22 - 25 anos,Feminino,São Paulo,Superior incompleto,Solteiro(a),Parda,Prefiro não declarar,2,4,2,2,1,4,1,2,2,2,3,4,"Achei que tiveram poucas recomendações... Quando você escolhe um gênero literário amplo, o ideal seria algum tipo de sub categoria para melhor atender às preferências dos leitores... 
 A maioria dos livros recomendados para mim, eu não leria pois, apesar de fazer parte do gênero literário que eu mais gosto, não se enquadram nas subcategorias que eu mais leio... "
case 283,b5b7361d-b225-4a0c-9ad3-f36e05941728,5,3,1,More than 100 books in a year,18 - 21 anos,Feminino,São Paulo,Superior completo,Solteiro(a),Branca,"De R$ 3.042,00 a R$ 5.449,00",4,5,4,2,2,3,5,4,5,5,3,5,
case 297,bd02693a-abf5-47f1-b758-58aaf7abccef,5,3,2,More than 100 books in a year,34 - 37 anos,Feminino,São Paulo,Pós-graduação completa,Solteiro(a),Preta,"De R$ 813,00 a R$ 1.805,00",5,4,5,2,5,1,5,4,5,5,4,5,
case 124,525e21c3-e4e2-41c7-a9b3-11666e86d02f,5,3,2,More than 100 books in a year,18 - 21 anos,Feminino,Mato Grosso,Superior incompleto,Solteiro(a),Parda,"De R$ 1.805,00 a R$ 3.042,00",4,5,4,5,4,5,3,5,4,5,4,4,
case 038,1fe6eb18-f05b-462f-a73d-bbd7cd885804,6,3,2,20 to 50 books in a year,18 - 21 anos,Feminino,Goiás,Superior incompleto,Casado(a),Branca,"De R$ 3.042,00 a R$ 5.449,00",4,,5,5,4,5,4,2,2,2,4,5,
case 391,fcca70c7-656b-47d9-b699-9700c82bc2c9,6,3,3,20 to 50 books in a year,22 - 25 anos,Feminino,Bahia,Ensino médio completo,Solteiro(a),Parda,"De R$ 1.805,00 a R$ 3.042,00",4,4,5,4,4,3,5,4,5,5,3,4,"Gostei das recomendações. Porém, poderia diversificar os autores, para não recomendar somente os autores mais ""famosos"". "
case 051,2bb07050-4c58-401c-b77f-a4bfa55690da,6,3,4,20 to 50 books in a year,22 - 25 anos,Feminino,Goiás,Superior completo,Solteiro(a),Parda,"De R$ 1.805,00 a R$ 3.042,00",5,5,5,5,5,5,5,5,5,5,5,5,Gostei muito do aplicativo
case 129,5549a8f3-0c80-4eed-9626-3c612cbdc19f,6,3,2,20 to 50 books in a year,22 - 25 anos,Feminino,Paraná,Superior completo,Solteiro(a),Branca,"De R$ 3.042,00 a R$ 5.449,00",2,2,3,4,4,3,4,5,4,4,4,5,
case 282,b48ab775-8224-40c3-9ce7-3739be495cfc,6,3,2,6 to 20 books in a year,26 - 29 anos,Masculino,São Paulo,Pós-graduação incompleta,Solteiro(a),Preta,"De R$ 3.042,00 a R$ 5.449,00",4,5,4,4,4,5,5,4,4,4,5,5,
case 388,fc1638ee-6131-45c9-8f58-bc0cdb55417d,5,4,4,1 to 5 books in a year,Mais de 40 anos,Feminino,Minas Gerais,Superior completo,Solteiro(a),Branca,"De R$ 1.805,00 a R$ 3.042,00",4,4,4,4,4,3,2,3,5,5,3,4,Gostaria de ter livro menores no app
case 225,8f16179b-a244-48b2-9c84-0f5fd547311d,5,4,4,20 to 50 books in a year,30 - 33 anos,Feminino,Ceará,Superior completo,Solteiro(a),Parda,"De R$ 813,00 a R$ 1.805,00",4,5,4,3,4,5,5,4,4,4,5,5,
case 101,441e5c46-9ae9-4b42-b8c4-1c0cd73d6ac0,5,4,3,20 to 50 books in a year,18 - 21 anos,Feminino,Goiás,Ensino médio completo,Solteiro(a),Branca,Prefiro não declarar,5,5,5,5,5,4,4,5,4,5,5,5,"Adorei como a forma de recomendações livros aconteceu!
App simples, mas incrível!"
case 080,38e0410b-11d4-4937-9606-cea52fc6ae8d,5,4,1,6 to 20 books in a year,38 - 40 anos,Feminino,São Paulo,Superior completo,Casado(a),Branca,"De R$ 3.042,00 a R$ 5.449,00",4,4,3,2,1,3,1,2,2,2,2,2,Acredito que Faltou colocar mais gêneros de leitura 
case 309,c3ac2ff2-5bd8-4048-9f5b-ce0c28b4f952,5,4,3,6 to 20 books in a year,22 - 25 anos,Feminino,Sergipe,Superior incompleto,Solteiro(a),Preta,"De R$ 813,00 a R$ 1.805,00",4,5,4,3,2,3,3,3,4,5,3,4,
case 120,4f1cddac-5329-466b-9309-fc77a7d052db,5,4,3,6 to 20 books in a year,22 - 25 anos,Feminino,Paraná,Superior completo,Casado(a),Branca,"De R$ 3.042,00 a R$ 5.449,00",5,4,5,5,5,4,5,5,5,5,5,5,
case 153,63363871-93b5-4320-bc87-68d9cace1c1f,5,4,5,6 to 20 books in a year,38 - 40 anos,Masculino,São Paulo,Superior completo,Solteiro(a),Parda,"De R$ 813,00 a R$ 1.805,00",3,4,4,4,4,3,4,5,5,3,4,5,
case 306,c05dbe58-ee82-454b-bfb1-197d1e401591,5,4,3,6 to 20 books in a year,26 - 29 anos,Feminino,São Paulo,Ensino médio completo,Solteiro(a),Branca,"De R$ 813,00 a R$ 1.805,00",5,5,5,4,5,5,4,5,4,5,5,5,
case 328,d0b3f4a8-9520-447f-b08d-4b501e80ef13,5,5,5,20 to 50 books in a year,34 - 37 anos,Masculino,São Paulo,Superior completo,Casado(a),Branca,"De R$ 3.042,00 a R$ 5.449,00",5,4,5,5,4,5,4,5,5,4,5,5,"Muito bom o app,usaria com certeza "
case 261,a4ccd47b-c6a9-4ed9-94ac-b8e93427f645,5,5,3,6 to 20 books in a year,26 - 29 anos,Feminino,Paraíba,Superior completo,Casado(a),Parda,"De R$ 3.042,00 a R$ 5.449,00",5,5,5,4,5,3,5,5,5,5,5,5,
,,,,,,,,,,,,,,,,,,,,,,,,,113