!case,User Unique ID,n_favorited,n_diversity,n_genres,Read an average of...,Age,Gender,State,Education level,Civil status,Racial identity,Average income,Q1. The app provided some really good recommendations. ,Q2. The items recommended to me are diverse. ,Q3. I am eager to read the book(s) I have put on the reading list ,Q4. The recommendations helped me discover new books which I find interesting. ,Q5: The amount of information available was sufficient to make the decisions ,Q6: I was surprised by some of the recommendations ,Q7. Finding books to put on my reading list was easy ,Q8: My overall satisfaction with my selection of books on my reading list is high ,Q9: The items recommended to me matched my interests. ,Q10. I understood why the items were recommended to me. ,Q11. My overall satisfaction with the app is high. ,"Q12. I like the app, and I would use it again in the future.",Open feedback
case 001,18f8c488-7faf-4031-b64f-180eba1db0bf,2,0,4,50 to 100 books in a year,26 - 29 anos,Feminino,Amazonas,P√≥s-gradua√ß√£o incompleta,Uni√£o Est√°vel,Preta,"De R$ 813,00 a R$ 1.805,00",4,5,4,5,1,2,1,1,4,4,2,1,Poucas recomenda√ß√µes.  Deveria ter mais op√ß√µes 
case 002,77cf6627-95f8-418a-a10a-cabd4dfb5e78,3,0,3,More than 100 books in a year,30 - 33 anos,Feminino,S√£o Paulo,P√≥s-gradua√ß√£o completa,Solteiro(a),Branca,"De R$ 1.805,00 a R$ 3.042,00",4,4,5,4,2,1,1,1,4,4,2,4,
case 003,32a66015-4b08-46ef-8ebb-fef860b08d18,5,0,3,More than 100 books in a year,30 - 33 anos,Feminino,S√£o Paulo,Superior completo,Solteiro(a),Branca,Prefiro n√£o declarar,4,4,4,2,2,3,3,2,4,3,2,4,Gostaria de mais op√ß√µes de recomenda√ß√£o. 
case 004,3a67d866-7735-415d-8774-671075037653,2,0,1,20 to 50 books in a year,26 - 29 anos,Feminino,Minas Gerais,Ensino m√©dio completo,Casado(a),Branca,"De R$ 1.805,00 a R$ 3.042,00",2,3,3,2,1,2,3,2,1,3,3,3,
case 005,55eb3ac7-cfac-4849-adf0-90722e1cf1d1,5,0,3,20 to 50 books in a year,18 - 21 anos,Feminino,S√£o Paulo,Superior completo,Solteiro(a),Branca,"De R$ 5.449,00 a R$ 10.427,00",2,4,3,1,4,1,1,2,2,1,3,3,"Achei que os livros recomendados n√£o estavam dentro dos g√™neros que escolhi ( escolhi romance, fantasia e infanti-juvenil e me foram recomendos livros de terror e suspense)"
case 006,5f8c8ec1-a570-409f-b806-d6899519ebce,5,0,3,50 to 100 books in a year,18 - 21 anos,Feminino,Paran√°,Superior incompleto,Solteiro(a),Branca,"De R$ 1.805,00 a R$ 3.042,00",4,5,5,1,4,5,5,2,5,4,5,5,
case 007,7572f905-ef7a-4f47-b6ff-d3804e3a844e,5,0,4,More than 100 books in a year,18 - 21 anos,Feminino,Rio de Janeiro,Superior incompleto,Solteiro(a),Preta,"At√© R$ 813,00",3,2,4,3,1,4,2,2,4,4,4,4,
case 008,ba0689ab-28e6-45b6-87d2-669e685682a0,5,0,3,6 to 20 books in a year,22 - 25 anos,Feminino,Paran√°,Superior incompleto,Solteiro(a),Branca,"De R$ 813,00 a R$ 1.805,00",2,3,2,3,4,3,2,2,1,2,3,3,
case 009,fe98b20b-9680-475d-93ce-48ddaea9c1e5,5,0,2,More than 100 books in a year,18 - 21 anos,Feminino,S√£o Paulo,Ensino m√©dio completo,Solteiro(a),Parda,"De R$ 1.805,00 a R$ 3.042,00",2,4,1,2,5,4,3,2,2,1,3,3,
case 010,2b6e9f88-3a76-4a2e-93a9-107aae402301,2,0,1,6 to 20 books in a year,Mais de 40 anos,Feminino,Rio Grande do Sul,Superior completo,Casado(a),Branca,"De R$ 1.805,00 a R$ 3.042,00",3,3,3,3,3,3,3,3,3,3,3,3,
case 011,305ac643-e68c-4561-8e0b-971975340e96,3,0,2,20 to 50 books in a year,Mais de 40 anos,Feminino,S√£o Paulo,Superior incompleto,Separado (a),Branca,Prefiro n√£o declarar,3,3,4,4,3,3,3,3,3,3,3,4,Gosto muito de ler espiritismo ou romance 
case 012,492517f1-0f5f-41a9-b2f6-b76750b00aa5,5,0,3,50 to 100 books in a year,18 - 21 anos,Feminino,Rio Grande do Sul,Superior incompleto,Solteiro(a),Branca,"At√© R$ 813,00",5,3,3,5,5,5,3,3,5,5,5,4,
case 013,4ec31514-9ecb-4bbc-bce0-f32b904fab08,3,0,2,20 to 50 books in a year,26 - 29 anos,Feminino,S√£o Paulo,Superior incompleto,Casado(a),Parda,"De R$ 3.042,00 a R$ 5.449,00",2,5,5,3,1,1,1,3,3,1,3,3,Se tivesse a op√ß√£o de procurar um livro s√©ria muito bom.
case 014,5dfe88c4-f587-4d52-a98a-0a160da23357,5,0,1,50 to 100 books in a year,Mais de 40 anos,Feminino,S√£o Paulo,Superior completo,Casado(a),Branca,Prefiro n√£o declarar,3,4,3,4,2,4,3,3,4,2,3,3,
case 015,73c5c492-45d2-431c-9c5d-6e3b2452edea,5,0,4,6 to 20 books in a year,26 - 29 anos,Feminino,S√£o Paulo,P√≥s-gradua√ß√£o completa,Solteiro(a),Branca,"De R$ 1.805,00 a R$ 3.042,00",4,5,4,5,2,4,2,3,4,5,4,5,
case 016,c90fb90b-cbb1-40b8-ad14-9500ccef6045,4,0,5,50 to 100 books in a year,26 - 29 anos,Feminino,Cear√°,Superior incompleto,Solteiro(a),Parda,"At√© R$ 813,00",3,5,5,5,4,5,4,3,4,3,4,5,Seria interessante a presen√ßa de mais g√™neros liter√°rios para se escolher.
case 017,ca034fe4-8998-4fcb-b266-8e724f953ab2,5,0,2,20 to 50 books in a year,18 - 21 anos,Feminino,Santa Catarina,Ensino m√©dio completo,Solteiro(a),Branca,Prefiro n√£o declarar,4,4,4,5,3,4,3,3,,4,,4,
case 018,d4375ab4-3e8a-4a5f-8b91-f54419799ba1,5,0,3,1 to 5 books in a year,22 - 25 anos,Feminino,Bahia,Ensino m√©dio completo,Casado(a),Parda,"De R$ 813,00 a R$ 1.805,00",3,3,3,3,3,3,3,3,3,3,3,3,Amei o aplicativo 
case 019,29b197b7-9c0e-43bd-a6b5-2ac39055dc6c,4,0,1,6 to 20 books in a year,22 - 25 anos,Masculino,Rio Grande do Sul,Ensino m√©dio completo,Solteiro(a),Branca,"De R$ 1.805,00 a R$ 3.042,00",2,2,3,2,3,2,5,4,3,3,3,3,"Poderia ter mais recomenda√ß√µes livros de fantasia, que n√£o s√£o t√£o famosos"
case 020,3190d0cc-f46e-4bce-a433-26c5671f9cd3,5,0,3,50 to 100 books in a year,34 - 37 anos,Feminino,Rio de Janeiro,Ensino m√©dio completo,Casado(a),Parda,"De R$ 3.042,00 a R$ 5.449,00",4,5,4,2,4,4,4,4,4,4,3,3,
case 021,425727ef-cdde-4ef1-8f1a-2474fa427f9e,5,0,1,20 to 50 books in a year,22 - 25 anos,Feminino,Santa Catarina,Superior completo,Solteiro(a),Branca,"De R$ 1.805,00 a R$ 3.042,00",4,5,5,4,5,4,2,4,4,4,4,5,
case 022,6efdbe33-1fe2-4493-ac3f-231399efe442,5,0,3,20 to 50 books in a year,18 - 21 anos,Feminino,S√£o Paulo,Ensino m√©dio completo,Solteiro(a),Parda,"De R$ 1.805,00 a R$ 3.042,00",4,5,3,4,5,5,4,4,5,5,5,5,
case 023,74d9e1fe-5018-4bc7-bbbc-4373358e1ae3,5,0,3,20 to 50 books in a year,18 - 21 anos,Feminino,Rio Grande do Sul,Superior incompleto,Uni√£o Est√°vel,Branca,"De R$ 813,00 a R$ 1.805,00",5,5,4,3,5,5,5,4,5,5,5,5,"Gostei bastante do app, parab√©ns."
case 024,9351726a-e0eb-46ca-8c7a-1287d0aa67a4,5,0,3,6 to 20 books in a year,22 - 25 anos,Feminino,Distrito Federal,Superior completo,Solteiro(a),Preta,"De R$ 3.042,00 a R$ 5.449,00",3,4,4,5,5,5,4,4,3,3,4,4,
case 025,b04a2432-cb92-4f66-868d-233f6b24eeb1,5,0,3,50 to 100 books in a year,26 - 29 anos,Feminino,Bahia,Superior incompleto,Solteiro(a),Parda,"De R$ 813,00 a R$ 1.805,00",4,3,4,3,3,4,4,4,4,3,4,4,
case 026,b435e667-c87a-4305-9e0b-c3486d8d6795,2,0,3,20 to 50 books in a year,22 - 25 anos,Feminino,Bahia,Ensino m√©dio completo,Solteiro(a),Parda,"De R$ 813,00 a R$ 1.805,00",5,5,5,4,5,5,4,4,5,5,5,5,
case 027,d3b78b0f-d899-43d1-9879-cb2e43337a4c,4,0,3,50 to 100 books in a year,18 - 21 anos,Feminino,Amazonas,Superior incompleto,Solteiro(a),Branca,"At√© R$ 813,00",4,4,5,5,4,5,5,4,4,4,5,5,
case 028,d7ebb172-2e21-4797-920d-4fa955a0a7ef,3,0,3,1 to 5 books in a year,18 - 21 anos,Feminino,S√£o Paulo,Superior incompleto,Solteiro(a),Parda,,3,5,5,5,3,3,5,4,5,4,3,4,
case 029,f187dde5-0a54-4ecf-a07c-aa4a4c290f50,5,0,1,6 to 20 books in a year,18 - 21 anos,Masculino,S√£o Paulo,Ensino m√©dio completo,Solteiro(a),Parda,"At√© R$ 813,00",4,5,4,4,4,5,4,4,4,4,4,4,
case 030,042fdefd-e65a-445e-a7d3-cc323a96d744,3,0,3,1 to 5 books in a year,38 - 40 anos,Masculino,Santa Catarina,P√≥s-gradua√ß√£o completa,Casado(a),Parda,Prefiro n√£o declarar,5,5,5,5,5,4,5,5,5,4,4,5,
case 031,24d6f116-de22-4ab0-80e3-f1cd3039bfc1,5,0,3,6 to 20 books in a year,34 - 37 anos,Feminino,S√£o Paulo,Superior completo,Casado(a),Branca,"De R$ 1.805,00 a R$ 3.042,00",5,4,4,5,4,3,5,5,5,3,5,5,
case 032,28fec572-bc84-40e0-b17e-011fa7d9d955,5,0,3,More than 100 books in a year,26 - 29 anos,Feminino,Bahia,P√≥s-gradua√ß√£o completa,Solteiro(a),Branca,"De R$ 3.042,00 a R$ 5.449,00",5,5,4,4,5,1,4,5,5,5,4,4,
case 033,2b69de8d-56cb-4b95-86b0-2769ea0809e0,1,0,4,6 to 20 books in a year,18 - 21 anos,Feminino,Minas Gerais,Ensino m√©dio completo,Solteiro(a),Branca,"De R$ 3.042,00 a R$ 5.449,00",5,4,4,5,5,4,4,5,5,5,5,5,"O app √© simples, f√°cil de mexer e ajuda muito com suas recomenda√ß√µes"
case 034,6699d3a9-a01f-4500-82d8-5f9552d60d9f,2,0,4,1 to 5 books in a year,26 - 29 anos,Masculino,Minas Gerais,Ensino m√©dio completo,Solteiro(a),Parda,"De R$ 1.805,00 a R$ 3.042,00",4,5,4,4,2,3,4,5,4,4,4,5,Senti falta de uma barra de pesquisa para fazer uma busca mais detalhada e achei que n√£o variou muito a lista dos livros de atualiza√ß√£o em atualiza√ß√£o da pagina principal... Mas tem potencial. 
case 035,6aee8041-58b1-4645-b6eb-ed39ba71efc9,5,0,1,20 to 50 books in a year,30 - 33 anos,Feminino,S√£o Paulo,Superior completo,Solteiro(a),Branca,"De R$ 1.805,00 a R$ 3.042,00",5,4,5,5,5,5,5,5,5,5,4,4,
case 036,72b6282d-eeb8-4f1f-bc43-eff60de8638b,5,0,3,50 to 100 books in a year,26 - 29 anos,Feminino,Santa Catarina,Ensino m√©dio completo,Solteiro(a),Branca,"De R$ 813,00 a R$ 1.805,00",5,5,5,5,5,5,4,5,5,5,5,5,
case 037,751230db-94e3-4bb8-bed3-a425bc23f6f9,3,0,3,6 to 20 books in a year,18 - 21 anos,Feminino,S√£o Paulo,Superior incompleto,Solteiro(a),Parda,"De R$ 3.042,00 a R$ 5.449,00",5,5,5,5,5,5,5,5,5,5,5,5,Adoro recomenda√ß√µes 
case 038,771c2d65-bb12-4bbc-84bb-1ea2ae0a9c61,5,0,3,1 to 5 books in a year,30 - 33 anos,Feminino,S√£o Paulo,Ensino m√©dio completo,Solteiro(a),Branca,"De R$ 813,00 a R$ 1.805,00",5,5,5,4,5,4,5,5,4,5,5,5,"Gostei muito do aplicativo e realmente bate com o que gosto de ler. Por exemplo, j√° li mil beijos de garoto e amei e estava l√°. Quero que esse aplicativo continue para que eu possa conhecer mais livros e n√£o ficar limitada apenas nos que conhe√ßo. Muito obrigada pela oportunidade."
case 039,7f7661ee-75c8-4e89-bafe-4db7c385fcea,2,0,4,50 to 100 books in a year,18 - 21 anos,Feminino,Santa Catarina,Superior incompleto,Solteiro(a),Branca,Prefiro n√£o declarar,5,5,5,5,5,5,2,5,4,5,5,5,
case 040,a1014574-4d60-4863-95b3-8584a30e2784,5,0,3,6 to 20 books in a year,22 - 25 anos,Feminino,Rio Grande do Sul,Superior completo,Solteiro(a),Branca,"De R$ 3.042,00 a R$ 5.449,00",5,4,5,5,5,5,5,5,5,5,5,5,
case 041,b35a9703-f9ba-46ae-a812-5d99cfb50c7e,2,0,3,20 to 50 books in a year,26 - 29 anos,Feminino,S√£o Paulo,P√≥s-gradua√ß√£o incompleta,Solteiro(a),Parda,"De R$ 1.805,00 a R$ 3.042,00",5,5,5,5,5,5,5,5,5,5,5,5,
case 042,b52e655a-d36a-4fc8-9640-39f2dfe5a935,2,0,3,6 to 20 books in a year,22 - 25 anos,Feminino,Paran√°,Superior incompleto,Solteiro(a),Parda,"De R$ 3.042,00 a R$ 5.449,00",5,5,4,4,5,5,5,5,5,5,5,5,Gostaria de poder participar mais do app e ler os livros recomendados
case 043,cdaf88fd-75e6-40f5-b0b5-c353c60d7943,5,0,3,50 to 100 books in a year,18 - 21 anos,Feminino,Minas Gerais,Ensino m√©dio incompleto,Solteiro(a),Branca,Prefiro n√£o declarar,2,3,5,4,1,4,5,5,5,5,4,3,
case 044,d71c04e2-c8a2-49b6-8cba-20a5646b64a0,5,0,3,6 to 20 books in a year,22 - 25 anos,Feminino,Minas Gerais,Superior incompleto,Solteiro(a),Parda,"De R$ 3.042,00 a R$ 5.449,00",4,5,2,4,3,3,4,5,4,4,5,5,
case 045,d8fb1902-f342-4b41-8f35-05b782be9ad7,3,0,2,6 to 20 books in a year,26 - 29 anos,Feminino,S√£o Paulo,Superior incompleto,Solteiro(a),Branca,"De R$ 1.805,00 a R$ 3.042,00",5,5,5,5,4,4,5,5,5,4,5,5,"Achei o app bem organizado e clean, f√°cil para encontrar as informa√ß√µes de forma clara."
case 046,e8caed21-f5a1-4f43-9fea-862cfbcab51c,5,0,2,6 to 20 books in a year,18 - 21 anos,Feminino,S√£o Paulo,Ensino m√©dio completo,Solteiro(a),Branca,"De R$ 1.805,00 a R$ 3.042,00",4,5,5,5,5,4,5,5,5,5,5,5,
case 047,ec4c37e0-723e-48f9-8235-513556802170,5,0,1,50 to 100 books in a year,30 - 33 anos,Feminino,S√£o Paulo,Ensino m√©dio completo,Casado(a),Branca,"De R$ 1.805,00 a R$ 3.042,00",5,3,5,4,4,3,4,5,5,5,5,5,"Obrigada, e espero ser sorteada."
case 048,f5361ab5-7a3b-4162-88ca-f2753d2aff89,5,0,3,6 to 20 books in a year,22 - 25 anos,Feminino,Minas Gerais,Ensino m√©dio completo,Solteiro(a),Preta,Prefiro n√£o declarar,5,5,5,5,5,5,5,5,5,5,5,5,
case 049,f6dbfebc-41e9-4de9-a347-f9c067e2a0d0,5,0,3,20 to 50 books in a year,22 - 25 anos,Feminino,S√£o Paulo,Ensino m√©dio completo,Solteiro(a),Preta,"De R$ 813,00 a R$ 1.805,00",4,4,5,4,5,4,5,5,5,5,4,4,
case 050,ffe55cc5-f955-4c57-96aa-9cec38c80b13,5,0,5,20 to 50 books in a year,26 - 29 anos,Feminino,S√£o Paulo,Ensino m√©dio completo,Solteiro(a),Branca,"De R$ 813,00 a R$ 1.805,00",5,5,5,5,5,5,5,5,5,5,5,5,
case 051,b4e35a46-b3ad-47a6-87ee-93aa0fc252ea,5,1,2,50 to 100 books in a year,22 - 25 anos,Feminino,S√£o Paulo,Ensino m√©dio completo,Solteiro(a),Parda,"De R$ 813,00 a R$ 1.805,00",2,5,1,1,1,1,2,1,2,2,1,1,
case 052,1a4fe041-a6f9-4b4b-a58f-f361e7bddeb9,5,1,3,50 to 100 books in a year,18 - 21 anos,Feminino,S√£o Paulo,Ensino m√©dio completo,Solteiro(a),Branca,"De R$ 813,00 a R$ 1.805,00",5,5,5,4,4,4,4,2,5,5,5,5,
case 053,26f38101-02bf-4284-8cb1-f0296eaa5865,5,1,3,50 to 100 books in a year,22 - 25 anos,Feminino,Par√°,Superior incompleto,Solteiro(a),Parda,"De R$ 813,00 a R$ 1.805,00",2,2,2,2,2,3,2,2,2,2,2,2,
case 054,446958d1-3ecc-45fe-98ce-ed6dd739ecb4,4,1,1,20 to 50 books in a year,22 - 25 anos,Feminino,Paran√°,Superior incompleto,Uni√£o Est√°vel,Branca,"De R$ 813,00 a R$ 1.805,00",3,2,3,2,1,2,1,2,1,2,1,1,"Escolhi o tema romance e nas recomenda√ß√µes tinha apenas 1 que era romance, os demais eram de outro g√™nero "
case 055,49f8145f-b00c-4b56-aa5f-726c139c9fd4,5,1,5,20 to 50 books in a year,34 - 37 anos,Feminino,Goi√°s,P√≥s-gradua√ß√£o completa,Casado(a),Parda,"De R$ 3.042,00 a R$ 5.449,00",4,4,1,1,1,2,4,2,4,4,2,3,"Os livros que escolhi eu j√° os li... os demais, n√£o tive nenhum interesse. "
case 056,4e756a62-2779-4054-a79b-b2b0a51e08a5,5,1,1,6 to 20 books in a year,18 - 21 anos,Feminino,Bahia,Superior incompleto,Solteiro(a),Parda,Prefiro n√£o declarar,4,5,4,5,4,3,2,2,4,5,4,4,"Acho de a lista de livros indicados deveria ser bem maior do que foi apresentado, ao fim, dentre os livros recomendados poucos foram aqueles que eu j√° n√£o tinha realizado a leitura."
case 057,5ee948e0-7e01-4772-9dbe-e20661462341,5,1,3,50 to 100 books in a year,26 - 29 anos,Feminino,S√£o Paulo,Ensino m√©dio completo,Solteiro(a),Branca,"De R$ 3.042,00 a R$ 5.449,00",3,3,2,3,2,3,1,2,2,2,3,3,Gostaria de ter visto mais recomenda√ß√µes sobre o g√™nero fantasia
case 058,62c372a2-d0b3-4eab-b9c4-1b5734497d2d,3,1,2,20 to 50 books in a year,18 - 21 anos,Feminino,Alagoas,Ensino m√©dio completo,Solteiro(a),Branca,"De R$ 1.805,00 a R$ 3.042,00",2,4,2,4,2,4,2,2,2,2,2,2,
case 059,70fd59cb-cded-48bd-a45f-7738c4b1fd92,5,1,3,20 to 50 books in a year,26 - 29 anos,Feminino,Paran√°,P√≥s-gradua√ß√£o incompleta,Solteiro(a),Branca,"De R$ 3.042,00 a R$ 5.449,00",4,4,3,2,4,3,4,2,4,5,3,4,
case 060,72b459a5-b016-4447-ac33-806539508a01,5,1,1,6 to 20 books in a year,Mais de 40 anos,Feminino,S√£o Paulo,Superior incompleto,Solteiro(a),Branca,"De R$ 1.805,00 a R$ 3.042,00",2,4,4,3,2,2,2,2,2,3,4,4,N√£o houve uma grande sele√ß√£o gosto de livros de v√°rios g√™neros e n√£o houve colocaram muitas op√ß√µes. 
case 061,89fb015c-21d3-4997-ac5c-b61f38849907,5,1,4,6 to 20 books in a year,26 - 29 anos,Feminino,S√£o Paulo,Superior completo,Casado(a),Branca,Prefiro n√£o declarar,5,3,5,4,3,3,2,2,2,3,3,4,
case 062,9739d03c-e78d-4b06-a503-42645e9ed8f2,5,1,2,6 to 20 books in a year,Mais de 40 anos,Feminino,S√£o Paulo,Ensino m√©dio completo,Casado(a),Parda,"De R$ 1.805,00 a R$ 3.042,00",5,4,5,5,2,4,2,2,2,3,3,3,
case 063,9ec49d6a-7ed2-4740-ba3d-ec8907401657,5,1,3,20 to 50 books in a year,18 - 21 anos,Feminino,Goi√°s,Superior incompleto,Solteiro(a),Branca,"Acima de R$ 10.427,00",4,2,2,2,5,2,1,2,4,4,3,4,
case 064,a54913da-964a-4e39-8ca3-6720b52553f8,5,1,4,6 to 20 books in a year,18 - 21 anos,Feminino,Bahia,Superior incompleto,Solteiro(a),Parda,"De R$ 813,00 a R$ 1.805,00",4,4,5,5,5,4,2,2,4,5,4,4,
case 065,c6e1332c-a988-49d9-b13e-fb92ea095a85,5,1,3,1 to 5 books in a year,22 - 25 anos,Feminino,Rio Grande do Sul,Ensino m√©dio completo,Solteiro(a),Branca,"De R$ 813,00 a R$ 1.805,00",4,4,4,4,2,5,2,2,2,3,2,2,
case 066,cbdfcaf2-99c4-4c4c-b694-6e94e1f10392,4,1,3,20 to 50 books in a year,26 - 29 anos,Feminino,Rio de Janeiro,Ensino m√©dio completo,Casado(a),Parda,"At√© R$ 813,00",3,2,4,2,1,1,1,2,4,3,2,3,"Acho que deveria ter mais op√ß√µes de livros na p√°gina inicial, ou uma p√°gina ""infinita"", onde apare√ßam v√°rios tipos de livros do g√™nero que coloquei, ao meu ver as op√ß√µes foram muito poucas e n√£o t√£o ecl√©ticas, coloquei que gosto de romance, mais na categoria romance tem v√°rios temas, dark romance, buling romance, entre outros, ent√£o gostaria que as op√ß√µes fossem mais ecl√©ticas. "
case 067,d2d7de26-6d0f-45ce-945b-80a396957187,5,1,2,6 to 20 books in a year,26 - 29 anos,Feminino,Minas Gerais,P√≥s-gradua√ß√£o completa,Solteiro(a),Branca,"De R$ 5.449,00 a R$ 10.427,00",2,4,2,2,1,2,4,2,2,4,2,2,"Acredito que o layout pode ser melhorado para fornecer mais informa√ß√µes sobre os livros, resenhas, avalia√ß√µes... Tamb√©m acredito que poderia ter uma ferramenta de pesquisa, al√©m de maior diversifica√ß√£o e possibilidade de escolha de mais g√™neros."
case 068,fbab768f-185c-4686-8985-d37ee16b12df,5,1,1,50 to 100 books in a year,Mais de 40 anos,Masculino,S√£o Paulo,Ensino m√©dio completo,Casado(a),Branca,"De R$ 813,00 a R$ 1.805,00",2,1,1,1,2,2,2,2,2,2,2,2,
case 069,03a67044-cfe7-43cc-bb7b-e49e33f23ba6,5,1,3,50 to 100 books in a year,26 - 29 anos,Feminino,S√£o Paulo,Ensino m√©dio completo,Uni√£o Est√°vel,Branca,"De R$ 3.042,00 a R$ 5.449,00",5,5,5,5,3,3,5,3,5,3,4,5,Por favor colocar mais op√ß√µes de livros e indica√ß√µes.
case 070,0570a3da-3984-4bd9-be08-edb91d8d566f,5,1,3,More than 100 books in a year,26 - 29 anos,Feminino,Minas Gerais,Superior completo,Casado(a),Parda,"De R$ 1.805,00 a R$ 3.042,00",4,5,3,2,2,2,4,3,5,5,2,4,"A proposta do aplicativo √© boa, s√≥ esperava que, mesmo com o prop√≥sito de pesquisa, pudesse receber maiores recomenda√ß√µes e n√£o apenas 5. Seria mais interessante se fosse ilimitado."
case 071,08f84299-0e26-463c-b564-d559bd667df1,5,1,4,50 to 100 books in a year,26 - 29 anos,Feminino,S√£o Paulo,Ensino m√©dio completo,Solteiro(a),Parda,"De R$ 813,00 a R$ 1.805,00",3,2,3,2,3,3,3,3,2,3,3,3,
case 072,097385d6-edbd-47db-a440-ea4583460797,5,1,3,20 to 50 books in a year,22 - 25 anos,Feminino,Mato Grosso do Sul,Superior incompleto,Solteiro(a),Parda,"De R$ 3.042,00 a R$ 5.449,00",2,5,3,2,1,5,4,3,2,3,3,3,"Os livros que coloquei como favoritos foram todos livros que j√° tinha lido pois os livros novos que tinham sido recomendados nem um chamou minha aten√ß√£o ou pareceram  interessante para mim, o n√∫mero de livros recomendados foi pouco na minha opini√£o, no final n√£o achei nem um livro novo pra ler."
case 073,1b9e1c05-1d5e-4d17-848b-3f581c9be054,5,1,4,6 to 20 books in a year,26 - 29 anos,Feminino,Rio Grande do Sul,Superior completo,Uni√£o Est√°vel,Branca,"De R$ 1.805,00 a R$ 3.042,00",4,5,4,4,4,4,3,3,4,4,4,4,
case 074,27a06dd0-c6c6-463a-a9d0-f92ae9a47869,3,1,4,6 to 20 books in a year,30 - 33 anos,Feminino,Distrito Federal,P√≥s-gradua√ß√£o incompleta,Solteiro(a),Branca,"De R$ 3.042,00 a R$ 5.449,00",3,4,4,4,4,3,3,3,3,3,3,3,
case 075,3d07e446-9a78-4758-8ab2-88c1ed427a12,5,1,3,6 to 20 books in a year,22 - 25 anos,Feminino,Paran√°,Superior completo,Solteiro(a),Branca,"De R$ 3.042,00 a R$ 5.449,00",4,4,5,2,2,1,4,3,5,5,4,4,
case 076,43da9199-12d3-4f3e-99e2-f4cdae0f4e9e,4,1,3,20 to 50 books in a year,30 - 33 anos,Feminino,S√£o Paulo,Ensino m√©dio completo,Solteiro(a),Branca,Prefiro n√£o declarar,3,3,3,3,3,3,3,3,3,3,3,3,
case 077,4eb7e686-f194-4abe-923c-0cb7a7b39c42,5,1,2,50 to 100 books in a year,30 - 33 anos,Feminino,Esp√≠rito Santo,Ensino m√©dio completo,Uni√£o Est√°vel,Branca,"De R$ 813,00 a R$ 1.805,00",4,3,4,4,5,5,1,3,3,2,4,4,
case 078,8d1d24f5-bfd2-41f2-b259-abe58e6beb74,5,1,3,More than 100 books in a year,26 - 29 anos,Feminino,S√£o Paulo,P√≥s-gradua√ß√£o completa,Solteiro(a),Branca,"De R$ 3.042,00 a R$ 5.449,00",4,4,3,4,4,3,2,3,3,4,4,3,
case 079,95e68cae-95a4-44ea-b992-becfc5b2d30c,4,1,4,50 to 100 books in a year,18 - 21 anos,Feminino,Paran√°,Ensino m√©dio completo,Solteiro(a),Branca,Prefiro n√£o declarar,4,5,4,1,5,3,4,3,5,3,5,5,
case 080,a7324ca8-4e08-491f-b595-e1829e20e1ca,5,1,3,50 to 100 books in a year,22 - 25 anos,Feminino,Distrito Federal,Superior incompleto,Solteiro(a),Branca,Prefiro n√£o declarar,4,4,3,3,4,4,3,3,4,4,4,4,
case 081,cdb8551c-692c-4dfa-8a8c-d20775009382,5,1,5,6 to 20 books in a year,22 - 25 anos,Feminino,Rio Grande do Sul,Ensino m√©dio completo,Uni√£o Est√°vel,Branca,"De R$ 1.805,00 a R$ 3.042,00",5,5,3,5,3,5,2,3,2,3,5,5,
case 082,db1865aa-d8f9-4a91-bd22-5c953d4cef06,4,1,1,6 to 20 books in a year,22 - 25 anos,Feminino,S√£o Paulo,Superior incompleto,Solteiro(a),Parda,"De R$ 1.805,00 a R$ 3.042,00",2,3,2,2,2,1,1,3,2,3,2,3,
case 083,21412518-7bbd-4d93-a30c-ef97f7a94da8,1,1,3,20 to 50 books in a year,38 - 40 anos,Feminino,Rio Grande do Sul,Superior completo,Solteiro(a),Branca,Prefiro n√£o declarar,5,4,5,5,5,4,4,4,5,5,5,5,
case 084,2a1cd158-3570-48dd-80c4-c0c2ced4ac03,5,1,2,20 to 50 books in a year,26 - 29 anos,Feminino,Cear√°,P√≥s-gradua√ß√£o incompleta,Solteiro(a),Branca,"De R$ 3.042,00 a R$ 5.449,00",5,5,3,5,5,4,4,4,5,5,5,5,
case 085,2d8e699a-e51e-4f58-a60a-291e6e8b6ed5,5,1,1,20 to 50 books in a year,34 - 37 anos,Feminino,Minas Gerais,Ensino m√©dio completo,Solteiro(a),Parda,"De R$ 813,00 a R$ 1.805,00",1,5,5,4,5,5,4,4,5,4,5,5,
case 086,2dd5ce17-bf81-4775-bc7a-f7a68d7faadc,5,1,3,20 to 50 books in a year,Mais de 40 anos,Feminino,Minas Gerais,Ensino m√©dio completo,Solteiro(a),Preta,"De R$ 1.805,00 a R$ 3.042,00",5,5,,,,,4,4,5,3,4,4,poderia ter duas op√ß√µes de recomenda√ß√£o por g√™nero liter√°rio.
case 087,2df7244b-031d-44a6-881c-2cc7bb1e1956,4,1,3,6 to 20 books in a year,18 - 21 anos,Feminino,Rio Grande do Sul,Ensino m√©dio completo,Solteiro(a),Branca,"De R$ 1.805,00 a R$ 3.042,00",5,4,5,4,4,2,5,4,5,5,4,4,
case 088,2e20142b-38ea-429e-814f-a27d34b2b16d,5,1,1,20 to 50 books in a year,Mais de 40 anos,Feminino,Distrito Federal,Superior completo,Casado(a),Parda,"De R$ 1.805,00 a R$ 3.042,00",5,5,5,5,4,5,5,4,4,5,5,5,
case 089,2f9b9e88-b966-473b-ae12-5cfdfba2531d,5,1,1,1 to 5 books in a year,34 - 37 anos,Feminino,S√£o Paulo,P√≥s-gradua√ß√£o incompleta,Solteiro(a),Parda,"De R$ 1.805,00 a R$ 3.042,00",4,4,5,5,4,3,4,4,4,4,4,5,"Acredito que as sinopses poderiam ser melhor elaboradas. 3 dos livros que favoritei eu j√° li, mas os resumos no aplicativo n√£o entregavam o qu√£o bom era o livro."
case 090,30f3f223-d451-477b-a472-859a803a2967,5,1,2,6 to 20 books in a year,Mais de 40 anos,Feminino,Rio de Janeiro,Superior incompleto,Uni√£o Est√°vel,Branca,"De R$ 1.805,00 a R$ 3.042,00",4,5,5,5,5,5,4,4,4,4,4,5,Para quem gosta de ler o aplicativo √© mais um incentivo. Gostei! 
case 091,3417972b-2a34-4fc4-8149-037ebf92c8d3,5,1,5,20 to 50 books in a year,22 - 25 anos,Feminino,Rio de Janeiro,P√≥s-gradua√ß√£o completa,Solteiro(a),Branca,"At√© R$ 813,00",4,3,4,5,4,4,4,4,3,4,4,4,
case 092,3717ad91-01fd-467c-adac-a7b469f47009,5,1,3,6 to 20 books in a year,22 - 25 anos,Feminino,S√£o Paulo,Ensino m√©dio completo,Solteiro(a),Ind√≠gena,"De R$ 813,00 a R$ 1.805,00",5,5,5,5,5,4,2,4,4,4,4,5,
case 093,3a66c66b-f20c-467d-b73e-6bb4d8f279b1,5,1,3,1 to 5 books in a year,26 - 29 anos,Feminino,Goi√°s,Superior completo,Uni√£o Est√°vel,Parda,"De R$ 1.805,00 a R$ 3.042,00",4,5,4,5,2,5,4,4,4,4,5,5,
case 094,4e12d6e7-426e-4446-9561-80658ead7b35,5,1,3,6 to 20 books in a year,18 - 21 anos,Feminino,Cear√°,Superior incompleto,Solteiro(a),Preta,"De R$ 813,00 a R$ 1.805,00",5,4,5,5,5,4,5,4,5,5,5,5,"Gostei muito do aplicativo, achei muito f√°cil de se situar. Acho que poderia tem uma diversidade maior na hora de seguir os livros"
case 095,4f673548-69e3-463a-8af7-7f80de9a90df,5,1,2,6 to 20 books in a year,22 - 25 anos,Feminino,Par√°,Superior completo,Solteiro(a),Parda,"De R$ 813,00 a R$ 1.805,00",5,5,4,4,5,5,2,4,3,5,5,5,
case 096,5b5d66ee-83d1-45ec-b4bd-da93cb3f0bab,5,1,5,6 to 20 books in a year,18 - 21 anos,Feminino,Paran√°,Superior incompleto,Solteiro(a),Branca,"De R$ 1.805,00 a R$ 3.042,00",5,5,4,5,5,5,3,4,3,3,4,4,
case 097,610f75e6-b987-4cfd-83cd-adaa8f6f2eb9,5,1,3,6 to 20 books in a year,Mais de 40 anos,Feminino,Paran√°,Superior incompleto,Casado(a),Branca,"De R$ 1.805,00 a R$ 3.042,00",4,5,4,4,4,5,4,4,4,3,3,3,
case 098,6d08abb0-04dd-47fc-a93b-a3508e6c1c22,5,1,2,50 to 100 books in a year,18 - 21 anos,Feminino,Piau√≠,Superior incompleto,Solteiro(a),Parda,"At√© R$ 813,00",4,4,5,3,4,4,4,4,4,4,4,4,
case 099,773c2307-9c36-478d-8dfa-fd33d1c2f4d2,5,1,3,6 to 20 books in a year,22 - 25 anos,Feminino,Rio Grande do Sul,P√≥s-gradua√ß√£o incompleta,Solteiro(a),Branca,"De R$ 3.042,00 a R$ 5.449,00",4,5,5,4,1,3,3,4,4,4,4,4,
case 100,8aba936a-7483-43e2-a628-78bd560276ae,5,1,2,20 to 50 books in a year,22 - 25 anos,Feminino,Minas Gerais,Superior completo,Uni√£o Est√°vel,Parda,Prefiro n√£o declarar,3,4,4,2,4,4,3,4,4,4,4,4,
case 101,8bf190b3-2161-411f-a0a0-b893ac5e9043,5,1,4,20 to 50 books in a year,22 - 25 anos,Feminino,Rio Grande do Sul,Superior incompleto,Solteiro(a),Branca,"De R$ 813,00 a R$ 1.805,00",4,4,5,2,2,2,2,4,4,3,3,4,Acredito que mais algumas enquetes para ajudar a ser mais espec√≠fico a sele√ß√£o de indica√ß√£o dos livros com base na personalidade e n√£o somente no g√™nero liter√°rio de interesse 
case 102,8c79ea49-ab8e-49c4-83b2-0ad011e6c967,5,1,2,1 to 5 books in a year,34 - 37 anos,Masculino,Minas Gerais,Superior completo,Casado(a),Branca,"De R$ 1.805,00 a R$ 3.042,00",3,4,4,2,5,3,5,4,4,4,4,5,"Achei interessante que as categorias de g√™nero n√£o fossem in√∫meras, o que as vezes fica dif√≠cil escolher entre tantas. Entretanto, tamb√©m achei poucas as categorias e bem resumidas, o que torna dif√≠cil tamb√©m escolher os g√™neros favoritos."
case 103,915ac4c6-7b12-4662-a3a5-fba87329c177,5,1,4,6 to 20 books in a year,26 - 29 anos,Masculino,S√£o Paulo,Superior completo,Casado(a),Preta,"De R$ 3.042,00 a R$ 5.449,00",4,5,4,4,4,3,4,4,4,3,4,4,
case 104,9ca93bbb-7e9c-40f4-bc1a-aa6ea1b41498,5,1,4,20 to 50 books in a year,22 - 25 anos,Feminino,Piau√≠,Superior incompleto,Solteiro(a),Parda,"De R$ 813,00 a R$ 1.805,00",4,5,4,3,2,4,4,4,4,5,4,5,"Alguns dos livros recomendados j√° havia lido e gostado, com base nisso imagino que os que estavam l√° e n√£o tinha ainda me aventurado na leitura, tem grandes chances de me satisfazer."
case 105,9de65bd8-c2b6-4c57-8fbb-9b4d48e92d76,5,1,3,6 to 20 books in a year,22 - 25 anos,Feminino,Rio Grande do Sul,Ensino m√©dio completo,Solteiro(a),Parda,"De R$ 813,00 a R$ 1.805,00",3,5,3,4,5,5,3,4,4,4,3,4,
case 106,9f5a6b81-9c3e-446a-a58a-ddf0903e700d,2,1,2,50 to 100 books in a year,22 - 25 anos,Feminino,Rio de Janeiro,P√≥s-gradua√ß√£o completa,Solteiro(a),Branca,"De R$ 1.805,00 a R$ 3.042,00",4,2,4,2,1,2,1,4,4,4,2,2,"Achei o aplicativo muito ""quadrado"", com poucas funcionalidades e um pouco confuso de usar. Eu j√° li a maioria dos livros que me foram indicados e, quanto aos que eu n√£o conhecia, n√£o havia informa√ß√£o suficiente para eu decidir se realmente queria ler ou n√£o, tive que buscar informa√ß√µes no Google. A ideia do app √© interessante, mas eu n√£o ocuparia a mem√≥ria do meu celular com um aplicativo apenas para indica√ß√µes, j√° que isso posso conseguir facilmente no Google ou com amigos. Talvez adicionar outras funcionalidades fa√ßa valer a pena, como, por exemplo, interagir com outros leitores e pedir indica√ß√µes a eles, poder adicionar os livros que j√° li para n√£o haver indica√ß√µes repetidas, poder adicionar as cita√ß√µes que mais gostei durante a leitura etc."
case 107,a87f8e32-dbe2-4936-b4dc-f3b3ecc2d8b6,5,1,5,50 to 100 books in a year,34 - 37 anos,Feminino,Rio Grande do Sul,Superior incompleto,Uni√£o Est√°vel,Branca,"De R$ 813,00 a R$ 1.805,00",5,5,5,4,5,5,5,4,5,5,4,5,"Fiquei abismada com o AP, o mesmo me indicou livros que eu AMO, s√≥ n√£o foi Superlativo pq gostaria que me indicasse mais livros que n√£o li. Mas a√≠ sei que n√£o tem como um AP saber de cara que vc leu... Ent√£o minha nota √© 10."
case 108,aaf7e9df-b601-44ab-90a0-9c1996c2b58f,5,1,4,50 to 100 books in a year,26 - 29 anos,Feminino,Sergipe,Ensino m√©dio completo,Solteiro(a),Parda,"At√© R$ 813,00",5,5,5,4,4,5,5,4,5,5,4,3,
case 109,ae88ee51-5d35-4463-9cd3-a85a62905415,1,1,2,20 to 50 books in a year,22 - 25 anos,Feminino,Maranh√£o,P√≥s-gradua√ß√£o completa,Casado(a),Branca,"De R$ 1.805,00 a R$ 3.042,00",5,4,5,5,5,5,4,4,5,5,5,4,
case 110,b7ae1720-a063-411d-9a76-2442c8cc2b34,5,1,2,6 to 20 books in a year,Mais de 40 anos,Feminino,S√£o Paulo,Superior completo,Casado(a),Parda,"De R$ 1.805,00 a R$ 3.042,00",5,4,5,4,4,4,3,4,4,3,4,5,
case 111,bd4ba34f-489d-4bc8-bfd7-0a206fee3369,5,1,3,More than 100 books in a year,30 - 33 anos,Feminino,S√£o Paulo,Superior completo,Solteiro(a),Branca,"De R$ 1.805,00 a R$ 3.042,00",3,5,5,2,4,3,3,4,3,5,4,4,
case 112,c8f29573-f555-4949-b68a-30fcec2e41e2,5,1,3,6 to 20 books in a year,18 - 21 anos,Feminino,Cear√°,Superior incompleto,Solteiro(a),Branca,"De R$ 3.042,00 a R$ 5.449,00",4,4,3,4,4,4,4,4,4,4,4,4,
case 113,c941ca0c-762c-4e57-80d0-44dfd1b309f7,5,1,1,20 to 50 books in a year,26 - 29 anos,Feminino,S√£o Paulo,Superior incompleto,Solteiro(a),Branca,"De R$ 813,00 a R$ 1.805,00",4,4,4,1,1,2,4,4,2,1,2,2,
case 114,e4d76e91-d81a-4722-8271-652233acdb79,5,1,3,50 to 100 books in a year,18 - 21 anos,Feminino,Rio de Janeiro,Superior incompleto,Solteiro(a),Branca,"De R$ 813,00 a R$ 1.805,00",4,5,5,3,4,5,5,4,5,5,5,3,
case 115,e66ea68e-812b-40ea-a931-3d36df2ea232,5,1,1,6 to 20 books in a year,34 - 37 anos,Feminino,Minas Gerais,Ensino m√©dio incompleto,Separado (a),Branca,Prefiro n√£o declarar,4,5,5,5,4,1,2,4,4,4,4,5,
case 116,f63d8232-6598-462b-bdb2-eccfa9ca283d,5,1,3,6 to 20 books in a year,26 - 29 anos,Feminino,S√£o Paulo,Superior incompleto,Solteiro(a),Branca,"De R$ 3.042,00 a R$ 5.449,00",5,4,4,4,4,5,4,4,4,5,4,4,
case 117,005009d8-f8ae-4cd0-b8b5-aa922a7f3965,5,1,1,6 to 20 books in a year,38 - 40 anos,Feminino,Santa Catarina,Ensino m√©dio incompleto,Separado (a),Parda,"De R$ 813,00 a R$ 1.805,00",5,4,5,5,5,5,2,5,5,5,5,5,
case 118,094b7a2c-0f2f-45e9-8470-177cd54e567e,5,1,1,6 to 20 books in a year,18 - 21 anos,Feminino,Goi√°s,Ensino m√©dio completo,Solteiro(a),Parda,"De R$ 813,00 a R$ 1.805,00",5,5,5,5,5,5,5,5,5,5,5,5,Tinha todos que eu ja ouvi fla ! To empolgada para ler
case 119,0fd809e0-fb99-4493-94ff-48662da649c6,5,1,1,More than 100 books in a year,Mais de 40 anos,Feminino,Paran√°,P√≥s-gradua√ß√£o completa,Solteiro(a),Branca,"De R$ 5.449,00 a R$ 10.427,00",5,5,5,5,5,5,5,5,5,5,5,4,
case 120,1d5e5c31-15d3-4054-8282-e22fd2127195,5,1,2,6 to 20 books in a year,22 - 25 anos,Feminino,Rio Grande do Sul,Superior completo,Solteiro(a),Branca,"De R$ 813,00 a R$ 1.805,00",4,4,5,5,4,4,4,5,5,5,4,5,
case 121,26100301-1fc3-4efc-9f67-8fe84686c16f,6,1,3,20 to 50 books in a year,26 - 29 anos,Feminino,Amap√°,Ensino m√©dio completo,Solteiro(a),Parda,"De R$ 813,00 a R$ 1.805,00",5,5,5,5,5,1,5,5,5,5,5,5,
case 122,26efd396-26f7-4c07-b319-e5ff93ee8ab1,5,1,5,20 to 50 books in a year,18 - 21 anos,Feminino,S√£o Paulo,Ensino m√©dio completo,Solteiro(a),Branca,"De R$ 1.805,00 a R$ 3.042,00",5,5,5,5,4,4,5,5,5,5,4,5,
case 123,301e1415-f498-4fef-9d48-38c20f69978b,5,1,2,More than 100 books in a year,22 - 25 anos,Feminino,Minas Gerais,Ensino m√©dio completo,Casado(a),Branca,"De R$ 1.805,00 a R$ 3.042,00",5,5,5,5,5,3,5,5,5,5,5,5,
case 124,371da781-4248-4b0b-9ce3-f61ce907a3f7,5,1,2,6 to 20 books in a year,Mais de 40 anos,Feminino,Santa Catarina,P√≥s-gradua√ß√£o completa,Casado(a),Branca,"De R$ 5.449,00 a R$ 10.427,00",5,5,5,5,5,4,5,5,5,4,5,5,
case 125,3a2691d9-6582-4a0b-813e-f6f3f1d2e151,5,1,5,50 to 100 books in a year,26 - 29 anos,Feminino,S√£o Paulo,P√≥s-gradua√ß√£o incompleta,Solteiro(a),Branca,"De R$ 1.805,00 a R$ 3.042,00",5,5,4,5,4,3,5,5,5,3,3,5,
case 126,40174b47-ba72-42fb-aa6a-511fe5678997,5,1,4,20 to 50 books in a year,22 - 25 anos,Feminino,S√£o Paulo,Superior completo,Solteiro(a),Branca,"De R$ 3.042,00 a R$ 5.449,00",4,5,4,5,4,3,3,5,4,2,4,5,
case 127,4184d071-8b21-4a76-ae66-ed108f935703,5,1,2,6 to 20 books in a year,22 - 25 anos,Feminino,Distrito Federal,Superior incompleto,Casado(a),Prefiro n√£o declarar,"De R$ 1.805,00 a R$ 3.042,00",4,5,4,4,3,4,4,5,5,5,4,4,
case 128,4cff1003-2a2c-4db3-b57d-9c58b5676a4f,5,1,5,6 to 20 books in a year,26 - 29 anos,Feminino,S√£o Paulo,Ensino m√©dio completo,Solteiro(a),Parda,"De R$ 1.805,00 a R$ 3.042,00",5,4,5,5,5,3,2,5,5,5,4,5,
case 129,4e0048a6-4dbd-42bd-9206-399f0ecd077f,5,1,3,1 to 5 books in a year,18 - 21 anos,Masculino,S√£o Paulo,Ensino m√©dio completo,Solteiro(a),Branca,"De R$ 813,00 a R$ 1.805,00",5,5,5,5,5,2,5,5,5,5,4,5,
case 130,5ba5e5a0-629f-42be-8c30-165b3669b4a9,5,1,2,6 to 20 books in a year,18 - 21 anos,Masculino,S√£o Paulo,Ensino m√©dio completo,Solteiro(a),Branca,"De R$ 3.042,00 a R$ 5.449,00",5,4,5,4,5,4,5,5,5,5,4,5,
case 131,5c4b6f5a-88d9-4a9f-8c45-f999c2051e81,4,1,3,1 to 5 books in a year,18 - 21 anos,Feminino,Mato Grosso,Ensino m√©dio completo,Solteiro(a),Branca,Prefiro n√£o declarar,4,5,5,4,3,3,4,5,5,4,3,4,
case 132,6405e3b7-fd0e-482f-8d00-9f995481cced,5,1,5,6 to 20 books in a year,18 - 21 anos,Feminino,Paran√°,Superior incompleto,Uni√£o Est√°vel,Branca,"De R$ 813,00 a R$ 1.805,00",3,5,4,5,4,4,5,5,4,4,5,5,
case 133,650a31af-77a1-470a-a087-45e15fc967bc,5,1,3,20 to 50 books in a year,18 - 21 anos,Feminino,Rio de Janeiro,Ensino m√©dio completo,Solteiro(a),Branca,"De R$ 5.449,00 a R$ 10.427,00",5,4,5,5,5,4,5,5,5,3,5,5,O aplicativo √© bem leve e de f√°cil acesso. As recomenda√ß√µes de livros foram muito boas. 
case 134,652605e5-0115-479b-b810-fb18ff245eef,3,1,3,6 to 20 books in a year,22 - 25 anos,Feminino,Rio de Janeiro,Ensino m√©dio completo,Solteiro(a),Branca,"De R$ 3.042,00 a R$ 5.449,00",5,4,5,2,2,3,5,5,5,4,3,4,
case 135,7290587c-9dcc-4770-a534-7e0e7f7975de,5,1,3,50 to 100 books in a year,18 - 21 anos,Feminino,Par√°,Superior incompleto,Solteiro(a),Parda,"De R$ 3.042,00 a R$ 5.449,00",5,5,5,5,4,3,4,5,5,5,4,5,
case 136,7856cbfb-f151-413e-9814-56899701b077,5,1,3,6 to 20 books in a year,34 - 37 anos,Feminino,Rond√¥nia,Superior incompleto,Casado(a),Branca,"De R$ 813,00 a R$ 1.805,00",5,5,5,4,5,4,5,5,5,5,5,5,
case 137,7f109aa0-e089-4341-b150-4c742ffe12cd,5,1,4,6 to 20 books in a year,18 - 21 anos,Feminino,Esp√≠rito Santo,Ensino m√©dio incompleto,Solteiro(a),Preta,"At√© R$ 813,00",5,5,5,5,5,5,4,5,5,5,4,5,Ajuda nas pr√≥ximas leituras. 
case 138,82528e30-59fb-4f45-a9eb-a115d2694e9c,5,1,3,1 to 5 books in a year,Mais de 40 anos,Feminino,S√£o Paulo,Ensino m√©dio completo,Casado(a),Branca,"De R$ 3.042,00 a R$ 5.449,00",5,5,5,5,5,3,5,5,5,5,5,5,
case 139,83fca4b9-0dc7-4c35-860b-dac8ecbdb4b6,5,1,2,6 to 20 books in a year,26 - 29 anos,Feminino,Rio de Janeiro,P√≥s-gradua√ß√£o completa,Casado(a),Parda,"De R$ 813,00 a R$ 1.805,00",4,5,4,3,5,5,1,5,5,4,4,4,"Coloquei as op√ß√µes de ""romance"" e ""juvenil"", apareceram tanto op√ß√µes s√≥ de romance como op√ß√µes s√≥ de juvenil e eu estava esperando que aparecessem s√≥ as op√ß√µes que se enquadrasse nos dois g√™neros liter√°rios ao mesmo tempo. E acredito que os pre√ßos dos livros estejam bem caros... Fora isso, o aplicativo √© muito bom. Parab√©ns aos envolvidos."
case 140,862dceb0-9a5d-468a-8f26-b38d6e7e405b,5,1,4,20 to 50 books in a year,22 - 25 anos,Feminino,Pernambuco,Superior incompleto,Uni√£o Est√°vel,Branca,"De R$ 1.805,00 a R$ 3.042,00",5,5,5,5,4,2,5,5,4,4,5,5,
case 141,89717388-a9a2-41f7-b026-cb6b20d3659d,3,1,1,6 to 20 books in a year,22 - 25 anos,Feminino,Paran√°,Superior incompleto,Solteiro(a),Parda,"De R$ 3.042,00 a R$ 5.449,00",4,4,5,5,5,5,4,5,4,4,5,4,
case 142,9970cfe5-947b-4f85-97e4-2b6c39206a0f,5,1,5,20 to 50 books in a year,18 - 21 anos,Feminino,Goi√°s,Ensino m√©dio incompleto,Solteiro(a),Parda,"At√© R$ 813,00",5,5,5,5,5,5,5,5,5,5,5,5,
case 143,9a5020de-984e-42ca-8dad-f1c0426e4021,5,1,2,More than 100 books in a year,18 - 21 anos,Feminino,S√£o Paulo,Ensino m√©dio completo,Solteiro(a),Branca,"De R$ 5.449,00 a R$ 10.427,00",4,5,4,5,3,5,2,5,5,5,5,5,
case 144,9d79d72d-04eb-432c-86a8-cb71c6eafc6a,1,1,3,1 to 5 books in a year,22 - 25 anos,Feminino,S√£o Paulo,Ensino m√©dio completo,Solteiro(a),Branca,"At√© R$ 813,00",5,4,5,4,5,3,5,5,5,2,4,4,
case 145,9e957e97-bfac-49ba-a146-78a8161470a0,5,1,1,20 to 50 books in a year,18 - 21 anos,Feminino,Goi√°s,Ensino m√©dio completo,Solteiro(a),Branca,"De R$ 3.042,00 a R$ 5.449,00",5,5,4,4,2,3,5,5,5,3,4,5,
case 146,a0aa39a7-a8e1-4580-b7d6-d8b08a0c7a58,5,1,2,6 to 20 books in a year,22 - 25 anos,Feminino,Rio Grande do Sul,Superior incompleto,Solteiro(a),Branca,"De R$ 813,00 a R$ 1.805,00",5,5,5,5,5,5,5,5,5,4,5,5,
case 147,a1dbcc84-6c99-4050-bedb-3fe1c51b514b,3,1,4,6 to 20 books in a year,30 - 33 anos,Feminino,S√£o Paulo,Superior incompleto,Uni√£o Est√°vel,Parda,"De R$ 1.805,00 a R$ 3.042,00",4,5,5,5,5,5,4,5,5,5,5,5,
case 148,ab8086e1-a178-49c1-95f1-9384bbf681ac,5,1,3,6 to 20 books in a year,22 - 25 anos,Feminino,Rio Grande do Sul,Superior incompleto,Solteiro(a),Branca,"De R$ 3.042,00 a R$ 5.449,00",4,5,5,3,3,4,4,5,2,3,4,4,
case 149,af32127c-513f-4679-a820-9a711a2337a2,5,1,3,More than 100 books in a year,22 - 25 anos,Feminino,S√£o Paulo,Superior incompleto,Solteiro(a),Parda,"At√© R$ 813,00",4,4,5,5,4,4,5,5,4,4,4,5,
case 150,b14f1a58-8c25-405d-9152-9f794086b987,5,1,2,6 to 20 books in a year,30 - 33 anos,Feminino,S√£o Paulo,Superior incompleto,Casado(a),Branca,"De R$ 813,00 a R$ 1.805,00",4,5,5,4,5,5,5,5,5,5,5,5,
case 151,c6b0e966-2ae0-423f-b352-112f437cacab,5,1,3,20 to 50 books in a year,22 - 25 anos,Feminino,S√£o Paulo,Superior completo,Casado(a),Branca,"De R$ 813,00 a R$ 1.805,00",4,4,5,4,5,4,5,5,5,5,5,5,
case 152,caa84e81-d39b-40cf-a264-47188805cf4f,1,1,1,20 to 50 books in a year,22 - 25 anos,Feminino,Rio Grande do Sul,Superior incompleto,Solteiro(a),Branca,"De R$ 813,00 a R$ 1.805,00",5,5,5,5,5,3,5,5,5,5,5,5,
case 153,d02ed223-4ad0-485b-8028-e7b26339a54a,5,1,3,50 to 100 books in a year,Mais de 40 anos,Feminino,Mato Grosso,Superior completo,Casado(a),Branca,"De R$ 5.449,00 a R$ 10.427,00",5,5,5,5,5,4,5,5,5,5,5,5,
case 154,d347d2ab-3f40-42b4-a5b3-108ac7abd30b,5,1,3,20 to 50 books in a year,18 - 21 anos,Feminino,S√£o Paulo,Superior incompleto,Solteiro(a),Branca,"De R$ 813,00 a R$ 1.805,00",4,5,5,5,4,3,5,5,5,5,5,5,
case 155,d5e71125-0255-4366-8a72-4bf771220d8a,4,1,5,6 to 20 books in a year,22 - 25 anos,Masculino,Rio Grande do Sul,Ensino fundamental completo,Solteiro(a),Parda,"De R$ 813,00 a R$ 1.805,00",5,5,5,5,5,5,5,5,5,5,5,5,Recomenda√ß√µes muito boas mesmo.
case 156,d615aa8b-e887-4836-99b0-53d38121b766,2,1,2,20 to 50 books in a year,22 - 25 anos,Feminino,Paran√°,P√≥s-gradua√ß√£o incompleta,Solteiro(a),Branca,"De R$ 813,00 a R$ 1.805,00",4,5,4,4,4,5,5,5,4,5,5,5,
case 157,d7c4975f-9f5e-40c9-83c1-7f88debc4625,4,1,5,50 to 100 books in a year,Mais de 40 anos,Feminino,Minas Gerais,Ensino m√©dio completo,Solteiro(a),Branca,"At√© R$ 813,00",2,5,5,5,5,5,3,5,4,3,5,5,
case 158,d8f6e6df-8226-4809-9196-55f95f004d80,5,1,3,50 to 100 books in a year,22 - 25 anos,Feminino,S√£o Paulo,Ensino m√©dio completo,Solteiro(a),Preta,"De R$ 813,00 a R$ 1.805,00",4,5,5,4,5,4,5,5,5,5,4,3,"Seria interessante colocar uma parte com poss√≠veis recomenda√ß√µes embaixo do livro e da sinopse, que sejam parecidos com ele "
case 159,dc48b0c3-9a18-435a-88bb-375cbfbebdec,5,1,2,6 to 20 books in a year,22 - 25 anos,Feminino,Goi√°s,Superior completo,Solteiro(a),Parda,"De R$ 813,00 a R$ 1.805,00",5,5,5,5,4,5,5,5,5,4,5,5,
case 160,e90e2c2c-74d5-4be1-af57-c09e5396468d,5,1,4,6 to 20 books in a year,22 - 25 anos,Feminino,Santa Catarina,Superior incompleto,Solteiro(a),Branca,"De R$ 3.042,00 a R$ 5.449,00",5,4,5,4,5,4,5,5,5,5,5,5,
case 161,f0d0a83c-7dcd-44f0-b26c-296a24644f3e,5,1,2,20 to 50 books in a year,22 - 25 anos,Feminino,S√£o Paulo,Superior incompleto,Solteiro(a),Branca,"De R$ 1.805,00 a R$ 3.042,00",4,5,5,4,5,4,5,5,5,4,4,5,
case 162,f1de84bc-4d44-4ad2-845a-03840a58877e,5,1,1,50 to 100 books in a year,22 - 25 anos,Feminino,Santa Catarina,Superior incompleto,Solteiro(a),Parda,"De R$ 813,00 a R$ 1.805,00",5,4,5,5,4,5,5,5,5,5,4,4,
case 163,f3aa66cb-a737-4256-a832-d2cedabe6b30,5,1,3,20 to 50 books in a year,22 - 25 anos,Feminino,Distrito Federal,Superior incompleto,Solteiro(a),Parda,"At√© R$ 813,00",5,4,5,4,4,4,5,5,4,4,5,5,
case 164,f6a3cdd1-5712-4419-8312-9e2d4e6922e6,6,1,3,6 to 20 books in a year,18 - 21 anos,Feminino,Rio de Janeiro,Ensino m√©dio completo,Solteiro(a),Branca,Prefiro n√£o declarar,5,5,5,5,5,4,5,5,5,5,5,5,Muito animada.üòÑ
case 165,f959333a-9534-4940-a523-a8f6b408643e,5,1,2,20 to 50 books in a year,38 - 40 anos,Feminino,S√£o Paulo,Superior incompleto,Uni√£o Est√°vel,Branca,"De R$ 1.805,00 a R$ 3.042,00",5,5,5,5,5,4,5,5,5,5,5,5,Gostei!
case 166,fef3f8e9-1b6b-4154-b7da-217d04f1b0ab,5,1,3,20 to 50 books in a year,18 - 21 anos,Feminino,Minas Gerais,Superior incompleto,Solteiro(a),Branca,"De R$ 813,00 a R$ 1.805,00",5,5,5,5,4,3,5,5,5,5,5,5,Gostei muito do aplicativo e gostaria que pudesse organizar minhas futuras compras ou leituras!
case 167,1dc787ba-df85-4a5b-aeaa-3b2bd0b3ce93,5,2,1,1 to 5 books in a year,Mais de 40 anos,Feminino,Rio Grande do Norte,Ensino m√©dio completo,Uni√£o Est√°vel,Branca,"De R$ 813,00 a R$ 1.805,00",2,2,2,2,1,2,2,1,2,1,1,2,
case 168,09f089cc-4872-4a43-a3f5-eee0847d3a38,6,2,5,6 to 20 books in a year,22 - 25 anos,Feminino,S√£o Paulo,Ensino m√©dio completo,Solteiro(a),Parda,"De R$ 813,00 a R$ 1.805,00",2,5,3,2,2,2,1,2,1,2,2,1,
case 169,0c700653-e9ff-4483-aaa1-e8a03617c6b5,5,2,2,20 to 50 books in a year,22 - 25 anos,Feminino,Esp√≠rito Santo,Superior incompleto,Solteiro(a),Preta,"De R$ 1.805,00 a R$ 3.042,00",3,2,2,2,3,3,3,2,3,3,3,3,
case 170,1e4d44bf-4655-4af2-8ef5-eb8d80e4628e,5,2,3,20 to 50 books in a year,Mais de 40 anos,Feminino,Minas Gerais,Superior incompleto,Solteiro(a),Branca,"De R$ 1.805,00 a R$ 3.042,00",2,4,4,3,5,4,1,2,2,3,3,3,
case 171,1fcfa277-0ead-4579-8527-fe9f56e42236,5,2,3,50 to 100 books in a year,18 - 21 anos,Feminino,S√£o Paulo,Ensino m√©dio completo,Uni√£o Est√°vel,Parda,"De R$ 1.805,00 a R$ 3.042,00",2,2,2,1,2,2,1,2,2,2,2,2,
case 172,3ca3a501-2556-49b4-8239-027c8b06f0eb,5,2,1,50 to 100 books in a year,30 - 33 anos,Feminino,S√£o Paulo,Ensino m√©dio completo,Separado (a),Branca,"De R$ 813,00 a R$ 1.805,00",2,2,2,2,2,2,2,2,2,2,2,2,
case 173,bd758b84-87ab-4482-93f5-2ca143a19310,5,2,4,6 to 20 books in a year,22 - 25 anos,Feminino,Rio Grande do Norte,Superior incompleto,Solteiro(a),Branca,"At√© R$ 813,00",3,2,3,3,2,2,2,2,2,2,2,3,
case 174,c6c609df-0a81-48d9-bcdd-c3317cb16a95,5,2,3,20 to 50 books in a year,18 - 21 anos,Feminino,S√£o Paulo,Ensino m√©dio completo,Solteiro(a),Parda,Prefiro n√£o declarar,2,4,2,4,4,5,2,2,2,5,2,3,
case 175,d2452e99-6a8b-4a8f-b990-aafe4cb8c677,6,2,5,20 to 50 books in a year,22 - 25 anos,Feminino,S√£o Paulo,P√≥s-gradua√ß√£o completa,Casado(a),Branca,"De R$ 1.805,00 a R$ 3.042,00",4,4,5,4,4,4,1,2,2,1,2,4,
case 176,eca31cae-b759-490f-b4e4-e052476d2236,5,2,4,6 to 20 books in a year,30 - 33 anos,Feminino,Paran√°,Ensino m√©dio completo,Solteiro(a),Branca,"De R$ 813,00 a R$ 1.805,00",2,2,2,2,1,1,1,2,1,1,2,2,"Para mim apareceu poucas op√ß√µes de recomenda√ß√µes, mas usaria o app conforme melhorias."
case 177,03e1f0ba-aac1-496f-b52c-0012646254b5,5,2,5,6 to 20 books in a year,22 - 25 anos,Feminino,S√£o Paulo,Superior incompleto,Uni√£o Est√°vel,Branca,"De R$ 1.805,00 a R$ 3.042,00",4,2,3,4,4,4,4,3,2,2,3,4,
case 178,09e37016-2c3e-4354-b4c1-7112bc5cf6cc,5,2,4,20 to 50 books in a year,22 - 25 anos,Feminino,Rio Grande do Norte,Ensino m√©dio completo,Solteiro(a),Prefiro n√£o declarar,"De R$ 1.805,00 a R$ 3.042,00",4,5,4,5,3,3,2,3,3,5,4,5,
case 179,1582e8ff-b712-4df9-a975-7c2272ae010f,5,2,1,6 to 20 books in a year,34 - 37 anos,Feminino,Paran√°,Ensino fundamental completo,Uni√£o Est√°vel,Branca,"De R$ 813,00 a R$ 1.805,00",3,3,3,3,2,2,3,3,3,3,3,3,
case 180,22246d3e-411a-4a17-b9c5-7a80e4eee09b,5,2,3,20 to 50 books in a year,Mais de 40 anos,Feminino,S√£o Paulo,Superior completo,Outro,Branca,"De R$ 1.805,00 a R$ 3.042,00",4,2,4,4,5,4,5,3,4,5,3,5,
case 181,2778131e-d4ae-4274-876a-8770cded4468,5,2,1,6 to 20 books in a year,Mais de 40 anos,Feminino,S√£o Paulo,Superior completo,Casado(a),Parda,"De R$ 3.042,00 a R$ 5.449,00",4,4,5,4,2,3,4,3,2,3,2,4,Nenhum coment√°rio.
case 182,2dd87872-38a0-441a-960a-2aecb4f89378,5,2,2,6 to 20 books in a year,30 - 33 anos,Feminino,Paran√°,Superior incompleto,Uni√£o Est√°vel,Branca,"De R$ 3.042,00 a R$ 5.449,00",2,2,1,1,2,2,3,3,2,3,3,2,
case 183,37591357-9c6c-4e7d-a25e-2acb07ce4a08,4,2,3,6 to 20 books in a year,18 - 21 anos,Feminino,Paran√°,Ensino m√©dio completo,Solteiro(a),Branca,Prefiro n√£o declarar,4,5,3,2,4,5,4,3,4,4,4,4,
case 184,3de5f416-de50-47c5-9f26-52d76e4d4f7b,5,2,3,6 to 20 books in a year,26 - 29 anos,Feminino,S√£o Paulo,Superior completo,Solteiro(a),Branca,"De R$ 5.449,00 a R$ 10.427,00",4,5,4,3,3,3,4,3,4,4,4,5,
case 185,4305874b-a350-41e5-9977-f46505ba1553,5,2,3,20 to 50 books in a year,34 - 37 anos,Feminino,S√£o Paulo,Superior incompleto,Casado(a),Preta,"De R$ 1.805,00 a R$ 3.042,00",3,2,3,2,2,2,3,3,2,2,3,4,
case 186,4b65b468-2dd6-4e58-a7e0-e1f1d6caf2d1,5,2,3,20 to 50 books in a year,34 - 37 anos,Feminino,Distrito Federal,Superior incompleto,Casado(a),Parda,"De R$ 1.805,00 a R$ 3.042,00",2,4,2,4,4,1,4,3,4,5,4,5,
case 187,58262bf5-7e67-4fbb-8d1a-0a39e8f0ec0b,5,2,1,20 to 50 books in a year,30 - 33 anos,Prefiro n√£o dizer,Amazonas,Ensino m√©dio completo,Outro,Prefiro n√£o declarar,Prefiro n√£o declarar,2,2,5,5,4,3,4,3,4,3,2,3,"Gostaria de recomenda√ß√µes mais voltadas para romances, os livros de Nicolas Sparks por exemplo. "
case 188,623d3257-7494-433a-9cc4-6024f91bf883,5,2,3,6 to 20 books in a year,22 - 25 anos,Feminino,Rio Grande do Sul,Superior incompleto,Solteiro(a),Branca,Prefiro n√£o declarar,4,4,5,5,4,3,3,3,4,3,5,4,
case 189,7166c2c8-ffb8-458f-8a47-5553d7337710,5,2,2,6 to 20 books in a year,18 - 21 anos,Feminino,Paran√°,Superior incompleto,Solteiro(a),Branca,"De R$ 1.805,00 a R$ 3.042,00",2,3,,5,2,,3,3,2,3,4,4,"Acabei saindo e entrando novamente no aplicativo e alguns livros aviam mudado, talvez mudar a forma como eles s√£o apresentados para gente, podendo ter, talvez, uma outra parte caso a primeira sele√ß√£o n√£o satisfa√ßa. "
case 190,7e4306c6-ed1c-4ba5-9d7e-94e89c6b552d,3,2,3,6 to 20 books in a year,26 - 29 anos,Feminino,Par√°,P√≥s-gradua√ß√£o completa,Outro,Parda,"De R$ 813,00 a R$ 1.805,00",3,5,1,4,2,3,4,3,4,5,3,3,
case 191,b3698fd6-93f5-4ead-8445-b7ddd60c9e37,5,2,4,50 to 100 books in a year,Mais de 40 anos,Feminino,Rio Grande do Sul,Ensino m√©dio completo,Solteiro(a),Branca,Prefiro n√£o declarar,3,2,2,1,2,3,1,3,2,1,3,3,
case 192,b500a1f8-8211-4a6c-b26b-8d5085d56a63,5,2,5,More than 100 books in a year,38 - 40 anos,Feminino,S√£o Paulo,Ensino m√©dio completo,Casado(a),Branca,"De R$ 1.805,00 a R$ 3.042,00",4,4,4,4,3,4,4,3,4,1,3,5,
case 193,ea537638-4d95-40b8-964e-01eb7431c2fe,3,2,2,6 to 20 books in a year,Mais de 40 anos,Feminino,S√£o Paulo,P√≥s-gradua√ß√£o completa,Uni√£o Est√°vel,Amarela,"Acima de R$ 10.427,00",4,4,3,2,4,3,2,3,2,5,4,4,"Foram poucas sugest√µes de livros; a grande maioria, inclusive o que favoritei, j√° havia lido. "
case 194,012bae56-2691-4125-8d7c-dddd7e4ab8ca,5,2,2,20 to 50 books in a year,18 - 21 anos,Feminino,Bahia,Ensino m√©dio incompleto,Solteiro(a),Branca,"At√© R$ 813,00",5,4,5,4,3,1,4,4,5,5,5,5,
case 195,0d48d69c-b924-4728-8358-1405ae29988e,5,2,3,6 to 20 books in a year,22 - 25 anos,Feminino,Rio Grande do Sul,Superior incompleto,Solteiro(a),Branca,"De R$ 3.042,00 a R$ 5.449,00",4,4,4,4,5,2,4,4,2,2,4,4,
case 196,13069fb6-cad3-41bd-87cb-bc1143271542,5,2,1,More than 100 books in a year,26 - 29 anos,Feminino,Amazonas,P√≥s-gradua√ß√£o incompleta,Solteiro(a),Parda,"Acima de R$ 10.427,00",4,5,4,4,5,4,4,4,4,4,4,5,"Apareceram livros de terror em romance, livros de real crime. Creio que seja uma falha a ser melhorada nas tags de recupera√ß√£o ou indexa√ß√£o das obras."
case 197,1cc7c89e-c8b9-4721-b6a8-95b9c4fb7f33,5,2,4,20 to 50 books in a year,26 - 29 anos,Feminino,Minas Gerais,Superior completo,Solteiro(a),Branca,"De R$ 3.042,00 a R$ 5.449,00",4,4,4,5,4,5,5,4,4,4,5,5,
case 198,21e07610-667a-4941-a3e8-dc40667d456a,5,2,3,6 to 20 books in a year,22 - 25 anos,Feminino,Distrito Federal,Superior completo,Solteiro(a),Branca,"De R$ 813,00 a R$ 1.805,00",4,4,4,2,3,4,5,4,5,4,4,5,
case 199,25ea3e0d-c7cd-4103-90b0-f25ab5516a7e,5,2,4,20 to 50 books in a year,34 - 37 anos,Feminino,S√£o Paulo,Superior completo,Casado(a),Branca,"De R$ 5.449,00 a R$ 10.427,00",4,4,5,5,5,4,2,4,4,4,5,4,
case 200,319e3df6-a5a9-4e9f-af22-38da5a67d858,5,2,5,6 to 20 books in a year,38 - 40 anos,Feminino,S√£o Paulo,Superior completo,Uni√£o Est√°vel,Preta,"De R$ 3.042,00 a R$ 5.449,00",4,4,5,4,4,3,5,4,4,3,4,5,
case 201,37a35ed6-8924-4ac1-b480-3f52e994c0ea,5,2,2,6 to 20 books in a year,22 - 25 anos,Feminino,Paran√°,Ensino m√©dio completo,Casado(a),Branca,"De R$ 1.805,00 a R$ 3.042,00",5,5,4,5,5,5,5,4,5,5,4,4,
case 202,3c913479-0a87-4056-8b07-36d706de7688,5,2,2,6 to 20 books in a year,18 - 21 anos,Feminino,Esp√≠rito Santo,Ensino m√©dio completo,Solteiro(a),Parda,"De R$ 813,00 a R$ 1.805,00",4,4,5,5,4,3,3,4,4,3,4,4,
case 203,3e5f3d49-68df-4f23-a437-ff4e095ec129,5,2,3,50 to 100 books in a year,26 - 29 anos,Feminino,S√£o Paulo,Superior completo,Casado(a),Parda,"De R$ 1.805,00 a R$ 3.042,00",4,5,4,5,4,4,4,4,4,3,4,4,
case 204,45a0f05f-7bd2-4f1a-9a26-2e546704d2e0,5,2,1,20 to 50 books in a year,Mais de 40 anos,Feminino,S√£o Paulo,Superior incompleto,Casado(a),Amarela,"De R$ 3.042,00 a R$ 5.449,00",4,4,5,5,4,3,5,4,5,4,5,5,Parab√©ns pelo aplicativo.
case 205,5355478e-c9d7-4dbb-b310-0bcf31a897c4,5,2,3,6 to 20 books in a year,22 - 25 anos,Feminino,Paran√°,Superior completo,Solteiro(a),Preta,"De R$ 1.805,00 a R$ 3.042,00",4,5,5,5,5,2,4,4,2,5,4,5,Seria interessante um numero maior de recomenda√ß√µes de livros.
case 206,6a122773-5a4f-4c3c-99ec-fd613ba08702,5,2,4,1 to 5 books in a year,22 - 25 anos,Feminino,Minas Gerais,Ensino m√©dio completo,Solteiro(a),Parda,"De R$ 813,00 a R$ 1.805,00",4,4,4,5,4,4,5,4,2,2,4,4,
case 207,80976a3e-1da6-43eb-8bce-d2f49f90714b,5,2,3,More than 100 books in a year,Mais de 40 anos,Feminino,Rio de Janeiro,Superior completo,Casado(a),Parda,"De R$ 3.042,00 a R$ 5.449,00",4,4,4,4,2,2,4,4,5,5,4,4,
case 208,9d38afec-5822-496d-9522-171764433654,5,2,3,6 to 20 books in a year,22 - 25 anos,Feminino,Rio de Janeiro,Superior completo,Solteiro(a),Parda,"De R$ 1.805,00 a R$ 3.042,00",4,4,5,4,2,4,5,4,4,4,4,4,
case 209,b077c8a7-ea1a-479a-8a47-cce254b3cc1e,5,2,3,20 to 50 books in a year,18 - 21 anos,Feminino,Esp√≠rito Santo,Ensino m√©dio completo,Solteiro(a),Parda,"De R$ 813,00 a R$ 1.805,00",4,5,5,4,3,5,4,4,3,4,4,4,
case 210,b6c07f7d-4974-4618-9da6-c705fe4f2663,5,2,3,50 to 100 books in a year,22 - 25 anos,Feminino,Santa Catarina,Superior incompleto,Solteiro(a),Branca,"De R$ 3.042,00 a R$ 5.449,00",4,4,4,3,4,5,4,4,5,5,4,5,
case 211,be1ab5dd-b6f9-4ce2-8a58-b53c44572f65,4,2,3,6 to 20 books in a year,30 - 33 anos,Feminino,S√£o Paulo,Superior completo,Casado(a),Branca,"De R$ 1.805,00 a R$ 3.042,00",4,5,5,4,2,2,1,4,5,5,2,2,"Achei pouca as op√ß√µes oferecidas, mesmo a categoria como ‚Äúfantasia‚Äù ser gigantesca poucas op√ß√µes de t√≠tulos foram apresentadas."
case 212,bea83569-ee77-494b-9a89-cfece0ea920b,5,2,3,50 to 100 books in a year,22 - 25 anos,Feminino,Goi√°s,Superior completo,Solteiro(a),Preta,"De R$ 1.805,00 a R$ 3.042,00",4,5,5,5,4,4,4,4,4,4,4,5,
case 213,bf24ea1c-dc77-409b-ae29-2166f3431b51,5,2,2,20 to 50 books in a year,30 - 33 anos,Feminino,S√£o Paulo,P√≥s-gradua√ß√£o completa,Casado(a),Branca,"De R$ 1.805,00 a R$ 3.042,00",4,5,4,4,5,3,5,4,4,5,4,5,
case 214,c1efffeb-938b-47aa-a4df-da84862c77a5,3,2,1,1 to 5 books in a year,30 - 33 anos,Feminino,S√£o Paulo,P√≥s-gradua√ß√£o completa,Solteiro(a),Branca,"De R$ 3.042,00 a R$ 5.449,00",4,3,5,5,4,4,5,4,5,5,3,4,
case 215,cf99dc99-a5c8-4169-b2af-9b784576449d,5,2,1,6 to 20 books in a year,18 - 21 anos,Feminino,Rio Grande do Norte,Superior incompleto,Solteiro(a),Branca,"De R$ 813,00 a R$ 1.805,00",2,5,5,5,5,4,2,4,4,3,4,4,"O aplicativo em si √© interessante. Muitas vezes √© dif√≠cil escolher um livro e talvez com mais perguntas sobre o que o leitor deseja encontrar em uma est√≥ria, voc√™s conseguissem melhorar a qualidade do app. Por exemplo, se eu escolho o g√™nero romance, o que eu quero quero encontrar em um livro: uma hist√≥ria mais dram√°tica com um final possivelmente n√£o muito feliz? Um romance de √©poca? Um romance adolescente? Como eu quero que sejam os protagonistas? Enfim, esse question√°rio seguido melhoraria ainda mais o aplicativo que j√° tem um intuito muito bom."
case 216,cfe71940-ea97-4eaf-99d3-55e6f98842bd,5,2,5,50 to 100 books in a year,22 - 25 anos,Feminino,Paran√°,Ensino m√©dio completo,Solteiro(a),Branca,"De R$ 813,00 a R$ 1.805,00",5,5,4,4,5,5,4,4,4,4,5,4,Adorei a recomenda√ß√£o de v√°rios livros
case 217,da0a6a5b-d6a2-453f-877b-757dfbbefff2,3,2,4,50 to 100 books in a year,34 - 37 anos,Feminino,S√£o Paulo,Superior completo,Casado(a),Branca,"De R$ 1.805,00 a R$ 3.042,00",4,4,4,4,3,4,4,4,4,4,4,4,
case 218,e273384a-359d-4bac-98f1-38547ec6930b,5,2,2,More than 100 books in a year,18 - 21 anos,Feminino,Rio Grande do Sul,Superior incompleto,Solteiro(a),Branca,"De R$ 5.449,00 a R$ 10.427,00",4,5,4,5,4,5,5,4,3,4,5,5,Gostei bastante das sugest√µes de livros 
case 219,e375047f-075a-4eb1-a95c-625a2cd685cb,5,2,4,6 to 20 books in a year,22 - 25 anos,Feminino,Bahia,Superior incompleto,Solteiro(a),Preta,"At√© R$ 813,00",4,5,5,5,5,5,3,4,3,3,5,5,Gosto de recomenda√ß√£o de autores brasileiros e de livros que n√£o s√£o t√£o conhecidos.
case 220,f061b88b-8e70-412f-bcb3-ed2983742e80,3,2,3,20 to 50 books in a year,18 - 21 anos,Feminino,Paran√°,Superior incompleto,Solteiro(a),Parda,"De R$ 1.805,00 a R$ 3.042,00",5,4,5,5,4,5,5,4,5,5,5,5,
case 221,f576fab5-ef7e-4887-97e1-3c41a1fa541b,5,2,2,More than 100 books in a year,38 - 40 anos,Feminino,S√£o Paulo,Ensino m√©dio completo,Solteiro(a),Parda,"De R$ 813,00 a R$ 1.805,00",5,,4,4,5,3,4,4,5,,4,5,Ciente
case 222,f6045b9d-f33c-4686-91f5-0773252967d3,5,2,4,1 to 5 books in a year,34 - 37 anos,Feminino,Mato Grosso,Superior completo,Solteiro(a),Branca,"De R$ 1.805,00 a R$ 3.042,00",5,4,4,5,5,5,4,4,4,2,4,5,op√ß√£o para busca de algum  livro poderia estar mais vis√≠vel
case 223,f721e787-8344-4641-a73a-8b9b09c0f4ef,3,2,1,More than 100 books in a year,38 - 40 anos,Feminino,S√£o Paulo,Superior incompleto,Solteiro(a),Parda,"De R$ 1.805,00 a R$ 3.042,00",5,4,5,4,4,3,4,4,4,4,4,4,
case 224,fba653ee-aa67-42dc-aca1-39adee3a54f2,5,2,2,6 to 20 books in a year,18 - 21 anos,Feminino,Rio Grande do Sul,Superior incompleto,Solteiro(a),Branca,"De R$ 1.805,00 a R$ 3.042,00",5,5,5,4,5,4,5,4,4,4,5,5,
case 225,ff70778b-38cc-491e-8513-fa370d1c443a,5,2,4,20 to 50 books in a year,26 - 29 anos,Masculino,S√£o Paulo,Ensino m√©dio completo,Solteiro(a),Branca,"De R$ 1.805,00 a R$ 3.042,00",4,4,4,4,4,4,4,4,4,4,4,4,
case 226,0002fcbd-fe0c-4b71-99b6-d24f99a89dbc,5,2,4,50 to 100 books in a year,26 - 29 anos,Masculino,Par√°,P√≥s-gradua√ß√£o completa,Solteiro(a),Preta,"De R$ 5.449,00 a R$ 10.427,00",4,4,4,4,4,4,5,5,4,3,4,4,
case 227,06cd865a-2d73-4bf6-a26c-6bb8bf4af3d1,6,2,2,50 to 100 books in a year,26 - 29 anos,Feminino,Santa Catarina,P√≥s-gradua√ß√£o incompleta,Solteiro(a),Branca,"De R$ 1.805,00 a R$ 3.042,00",4,5,4,5,4,5,4,5,4,4,4,5,"Talvez a inclus√£o de uma barra de pesquisa, e a possibilidade de incluir coment√°rios sobre os livros"
case 228,09b376ac-4767-4721-931e-29828f839863,5,2,4,6 to 20 books in a year,38 - 40 anos,Feminino,S√£o Paulo,Superior incompleto,Uni√£o Est√°vel,Branca,"De R$ 813,00 a R$ 1.805,00",4,4,5,5,4,4,5,5,4,4,4,4,
case 229,0bc5d4c0-f242-452f-bb35-1d57997314e0,5,2,1,20 to 50 books in a year,38 - 40 anos,Feminino,S√£o Paulo,Ensino fundamental completo,Casado(a),Preta,"De R$ 1.805,00 a R$ 3.042,00",5,5,5,5,5,5,5,5,5,5,5,5,
case 230,0d759a30-6ea2-405c-880e-0a4b58d631d4,5,2,2,20 to 50 books in a year,30 - 33 anos,Feminino,Santa Catarina,P√≥s-gradua√ß√£o completa,Solteiro(a),Branca,"De R$ 3.042,00 a R$ 5.449,00",5,5,3,5,4,4,4,5,4,4,3,4,
case 231,0db139a9-7f5f-4bba-be4b-484ae966c706,5,2,1,20 to 50 books in a year,26 - 29 anos,Feminino,S√£o Paulo,P√≥s-gradua√ß√£o completa,Casado(a),Branca,"De R$ 1.805,00 a R$ 3.042,00",3,4,5,5,5,,5,5,5,5,5,5,
case 232,0dfdb347-acc2-40ab-be04-276f6fdd1ad9,5,2,4,50 to 100 books in a year,22 - 25 anos,Feminino,Mato Grosso do Sul,Superior incompleto,Solteiro(a),Branca,"De R$ 1.805,00 a R$ 3.042,00",5,5,5,5,4,3,5,5,5,5,5,4,
case 233,1222973b-2816-47b2-8ee6-8bc4f0c9b625,5,2,3,20 to 50 books in a year,22 - 25 anos,Feminino,Paran√°,P√≥s-gradua√ß√£o incompleta,Solteiro(a),Branca,"De R$ 3.042,00 a R$ 5.449,00",5,5,4,4,5,2,5,5,5,5,4,5,
case 234,168352bb-b2f8-4931-a913-e1e24e9fc5f8,5,2,3,6 to 20 books in a year,26 - 29 anos,Feminino,Minas Gerais,Superior completo,Casado(a),Branca,"De R$ 813,00 a R$ 1.805,00",5,5,5,4,5,4,5,5,5,5,5,5,
case 235,208eacf6-5989-4be8-8497-b370741b9bdc,5,2,4,6 to 20 books in a year,34 - 37 anos,Feminino,Santa Catarina,Ensino m√©dio completo,Solteiro(a),Branca,"De R$ 3.042,00 a R$ 5.449,00",5,4,5,5,4,5,4,5,4,5,5,5,
case 236,21fbfac6-36d7-4b88-bca0-5a267b0bc474,5,2,3,20 to 50 books in a year,22 - 25 anos,Feminino,Rio de Janeiro,Ensino m√©dio completo,Solteiro(a),Branca,"De R$ 1.805,00 a R$ 3.042,00",5,5,5,4,5,3,5,5,5,5,5,5,
case 237,2822dcbc-aa27-4fe8-a621-90088833d184,5,2,2,6 to 20 books in a year,30 - 33 anos,Feminino,S√£o Paulo,Superior completo,Casado(a),Parda,Prefiro n√£o declarar,5,4,3,5,5,5,4,5,5,5,5,5,
case 238,31623465-7db5-4b27-b2d3-79dd0ed9e8ea,6,2,3,6 to 20 books in a year,38 - 40 anos,Feminino,Distrito Federal,Superior completo,Casado(a),Parda,Prefiro n√£o declarar,5,5,5,5,4,5,5,5,5,4,5,5,
case 239,31887466-bfce-42dd-ae20-e702f9068db5,5,2,4,6 to 20 books in a year,22 - 25 anos,Feminino,Minas Gerais,P√≥s-gradua√ß√£o incompleta,Solteiro(a),Parda,"De R$ 1.805,00 a R$ 3.042,00",5,4,4,4,4,5,5,5,4,4,4,5,
case 240,31a17177-9577-42ef-acfd-b80c14424a19,5,2,2,6 to 20 books in a year,22 - 25 anos,Feminino,Bahia,Ensino m√©dio completo,Solteiro(a),Parda,"De R$ 813,00 a R$ 1.805,00",5,5,5,4,5,4,5,5,5,5,4,5,
case 241,31a69185-1eda-4670-9c9c-e06b7fb1a4c1,5,2,2,6 to 20 books in a year,30 - 33 anos,Feminino,S√£o Paulo,Superior incompleto,Solteiro(a),Branca,"At√© R$ 813,00",3,5,5,4,4,4,5,5,4,4,4,4,"Achei boas recomenda√ß√µes, alguns n√£o tinha conhecido ainda."
case 242,3c08f55e-68a5-40f7-8352-ecbed2ab0c92,5,2,2,50 to 100 books in a year,26 - 29 anos,Feminino,Goi√°s,Ensino m√©dio completo,Solteiro(a),Parda,"De R$ 3.042,00 a R$ 5.449,00",4,4,5,5,4,4,5,5,4,4,4,5,
case 243,401db632-d558-4236-b5df-c3c9618eb92c,5,2,2,6 to 20 books in a year,18 - 21 anos,Feminino,Alagoas,Superior incompleto,Solteiro(a),Branca,"De R$ 1.805,00 a R$ 3.042,00",5,5,5,4,5,5,5,5,5,5,5,5,
case 244,40e68132-a58f-4eba-a28e-efad545d9462,5,2,5,20 to 50 books in a year,22 - 25 anos,Feminino,S√£o Paulo,P√≥s-gradua√ß√£o incompleta,Solteiro(a),Branca,"De R$ 1.805,00 a R$ 3.042,00",5,5,5,5,5,5,5,5,5,5,5,5,
case 245,4ce3df7c-de6d-4bbd-a6eb-e5325e756c75,5,2,2,50 to 100 books in a year,22 - 25 anos,Feminino,Minas Gerais,Ensino m√©dio completo,Solteiro(a),Parda,"De R$ 1.805,00 a R$ 3.042,00",4,5,4,5,5,5,5,5,4,5,5,5,
case 246,4f14244d-dfc2-4cac-ba61-3f2fd4e6ee95,5,2,4,20 to 50 books in a year,18 - 21 anos,Feminino,Goi√°s,Ensino m√©dio incompleto,Solteiro(a),Amarela,"De R$ 813,00 a R$ 1.805,00",5,5,5,5,5,3,4,5,5,5,5,5,
case 247,4fc52de6-b87e-4e9b-a493-cc8fda84c54e,4,2,1,20 to 50 books in a year,Mais de 40 anos,Feminino,Rio de Janeiro,Ensino m√©dio completo,Uni√£o Est√°vel,Parda,"De R$ 813,00 a R$ 1.805,00",5,5,5,5,5,5,5,5,5,5,5,5,
case 248,595fe7bf-6015-4b10-a46f-3b2c6b3969e1,5,2,5,20 to 50 books in a year,30 - 33 anos,Feminino,S√£o Paulo,Ensino m√©dio completo,Uni√£o Est√°vel,Parda,"De R$ 3.042,00 a R$ 5.449,00",5,5,5,5,5,5,5,5,5,5,5,5,
case 249,5efe8240-f46a-4252-822b-60ec32b05c6a,3,2,5,20 to 50 books in a year,18 - 21 anos,Feminino,Par√°,Superior incompleto,Solteiro(a),Parda,"De R$ 813,00 a R$ 1.805,00",5,5,5,5,5,5,5,5,5,5,5,5,"Gostei do aplicativo, surpreendeu minhas expectativas, at√© acrescentei as recomenda√ß√µes na minha lista de livros para ler."
case 250,63e2c032-794e-412c-86d3-d831098853c7,5,2,2,20 to 50 books in a year,18 - 21 anos,Feminino,Esp√≠rito Santo,Ensino m√©dio completo,Solteiro(a),Parda,"De R$ 813,00 a R$ 1.805,00",5,4,5,4,3,3,5,5,5,4,4,5,"Eu surpe amei, ainda sou nova nessa fase de Booktok , por isso ainda n√£o li v√°rios livros e amei o app,  me ajudou a colocar mais livros no carrinho kkkkk ."
case 251,6867e724-3b3e-4223-9d9c-69c403a969db,5,2,3,50 to 100 books in a year,26 - 29 anos,Feminino,S√£o Paulo,Superior incompleto,Uni√£o Est√°vel,Branca,"De R$ 1.805,00 a R$ 3.042,00",5,5,4,,5,2,5,5,5,5,5,5,
case 252,70075c01-a613-49c6-a4a7-e087482655ba,5,2,4,50 to 100 books in a year,18 - 21 anos,Feminino,Paran√°,Ensino m√©dio completo,Uni√£o Est√°vel,Branca,"De R$ 3.042,00 a R$ 5.449,00",5,4,5,4,5,5,3,5,5,5,5,5,
case 253,75090a7e-1491-406b-a4c1-be43903316f4,5,2,5,6 to 20 books in a year,22 - 25 anos,Feminino,S√£o Paulo,Ensino m√©dio completo,Uni√£o Est√°vel,Preta,"De R$ 813,00 a R$ 1.805,00",5,4,5,5,5,4,5,5,5,3,5,5,
case 254,79eb2443-b004-4ee8-b2e2-0faae8ea7aa6,5,2,2,More than 100 books in a year,26 - 29 anos,Feminino,Santa Catarina,Superior completo,Casado(a),Branca,"De R$ 1.805,00 a R$ 3.042,00",4,5,4,2,2,2,4,5,5,5,5,5,
case 255,7d90596e-bfe3-4305-82b9-a2f0f2c805e2,5,2,1,6 to 20 books in a year,22 - 25 anos,Feminino,Rio Grande do Sul,Superior completo,Solteiro(a),Branca,"De R$ 1.805,00 a R$ 3.042,00",4,5,5,5,4,4,4,5,4,4,5,5,
case 256,83514428-d622-43f8-8fb0-3137c45cad22,5,2,2,20 to 50 books in a year,18 - 21 anos,Feminino,Cear√°,Superior incompleto,Solteiro(a),Branca,"De R$ 813,00 a R$ 1.805,00",5,5,4,5,4,4,5,5,5,5,5,5,
case 257,891a92fe-7429-41b2-87bb-fdb0f51fd3e0,5,2,2,6 to 20 books in a year,18 - 21 anos,Feminino,Maranh√£o,Superior incompleto,Solteiro(a),Branca,"De R$ 813,00 a R$ 1.805,00",5,4,5,5,5,4,4,5,4,4,5,5,
case 258,90c27d95-9611-484b-a99e-3a13141a5bdb,5,2,4,6 to 20 books in a year,18 - 21 anos,Feminino,S√£o Paulo,Superior incompleto,Solteiro(a),Parda,"De R$ 813,00 a R$ 1.805,00",5,5,5,5,5,4,5,5,5,5,5,5,
case 259,95d45c20-813a-492e-8171-43f77279c35e,5,2,4,6 to 20 books in a year,18 - 21 anos,Feminino,S√£o Paulo,Ensino m√©dio completo,Solteiro(a),Parda,"De R$ 1.805,00 a R$ 3.042,00",5,5,5,4,5,3,5,5,5,5,5,5,"A forma de recomenda√ß√£o √© interessante por intercalar o gosto do leitor e, de acordo com suas prefer√™ncias novos g√™neros e t√≠tulos s√£o selecionados para o usu√°rio alcan√ßar novos gostos"
case 260,96a3c1c6-7ec5-4867-9aee-93988b04bbe6,5,2,3,50 to 100 books in a year,26 - 29 anos,Feminino,Rio Grande do Sul,Superior incompleto,Uni√£o Est√°vel,Branca,"De R$ 1.805,00 a R$ 3.042,00",4,4,5,4,4,4,5,5,4,5,4,5,
case 261,9a7d5c7a-d489-4718-bc71-34db3e74c26c,5,2,3,6 to 20 books in a year,22 - 25 anos,Feminino,Paran√°,P√≥s-gradua√ß√£o completa,Uni√£o Est√°vel,Branca,"De R$ 1.805,00 a R$ 3.042,00",5,5,5,5,5,4,5,5,5,5,5,5,Aplicativo maravilhoso!!!
case 262,a2a01a5a-995d-475a-84b6-cac752c86eb1,5,2,1,20 to 50 books in a year,Mais de 40 anos,Feminino,Rio de Janeiro,P√≥s-gradua√ß√£o completa,Solteiro(a),Branca,Prefiro n√£o declarar,4,4,5,4,4,4,4,5,4,4,4,4,
case 263,a2f0ee22-366f-4196-a814-f8708a0fd330,5,2,3,6 to 20 books in a year,18 - 21 anos,Masculino,Paran√°,Superior incompleto,Solteiro(a),Preta,"De R$ 813,00 a R$ 1.805,00",5,5,5,5,2,5,2,5,5,4,5,5,"Adorei as recomenda√ß√µes, alguns eu tenho vontade de ler h√° algum tempo, mas ainda n√£o tive a oportunidade comprar. Outros eu conheci no aplicativo e tenho uma grande vontade de ler. Parecem ser bastante interessante."
case 264,ad1c3d39-3d3e-480c-abb8-381067dbbbf4,5,2,4,50 to 100 books in a year,26 - 29 anos,Feminino,S√£o Paulo,Superior incompleto,Uni√£o Est√°vel,Branca,"De R$ 1.805,00 a R$ 3.042,00",4,5,4,5,4,5,5,5,4,5,5,5,
case 265,b622d6c8-e3f6-4ad5-9918-7c8c175d13b9,5,2,4,6 to 20 books in a year,26 - 29 anos,Feminino,Piau√≠,P√≥s-gradua√ß√£o completa,Solteiro(a),Parda,"De R$ 813,00 a R$ 1.805,00",3,4,5,3,5,5,5,5,5,5,5,5,
case 266,ba4fe5bd-9f42-47e4-a7a6-24eea5cf80a9,5,2,4,20 to 50 books in a year,18 - 21 anos,Feminino,Paran√°,Ensino m√©dio completo,Solteiro(a),Parda,Prefiro n√£o declarar,4,5,4,4,3,2,3,5,4,5,5,5,amei o aplicativo e gostaria de us√°-lo novamente! 
case 267,c50955d9-afb3-4918-9157-c02464a3bccc,3,2,3,50 to 100 books in a year,18 - 21 anos,Feminino,Goi√°s,Superior incompleto,Solteiro(a),Parda,"De R$ 3.042,00 a R$ 5.449,00",5,5,5,5,5,5,5,5,4,5,5,5,
case 268,c8f7a9c6-b549-4611-b3be-a02b41cfd68b,5,2,5,6 to 20 books in a year,18 - 21 anos,Feminino,S√£o Paulo,Ensino m√©dio completo,Solteiro(a),Parda,"De R$ 813,00 a R$ 1.805,00",5,5,4,4,5,4,5,5,5,5,5,5,
case 269,ca05de9d-6530-49a4-971e-4235d7361cd0,5,2,2,6 to 20 books in a year,18 - 21 anos,Feminino,Goi√°s,Ensino m√©dio completo,Solteiro(a),Parda,"De R$ 3.042,00 a R$ 5.449,00",5,5,5,5,5,4,5,5,5,5,5,5,Livros de fantasia com romance s√£o os melhores!
case 270,d042c8b7-3dfb-446d-86c6-eeaa24b05f6d,5,2,3,20 to 50 books in a year,34 - 37 anos,Feminino,S√£o Paulo,Superior completo,Uni√£o Est√°vel,Branca,"De R$ 5.449,00 a R$ 10.427,00",4,5,5,4,4,5,4,5,4,5,5,5,
case 271,d7219b51-4d90-43b6-b64d-e0c32412e613,5,2,5,20 to 50 books in a year,22 - 25 anos,Feminino,Goi√°s,Ensino m√©dio completo,Solteiro(a),Parda,"De R$ 1.805,00 a R$ 3.042,00",5,5,5,4,4,3,5,5,5,4,3,5,
case 272,e0a37b0f-216b-40c8-880e-cabc3afe2567,4,2,3,20 to 50 books in a year,18 - 21 anos,Feminino,Sergipe,Superior incompleto,Solteiro(a),Branca,"De R$ 1.805,00 a R$ 3.042,00",4,5,5,4,5,4,5,5,5,5,5,4,
case 273,e4c0bb8c-1e32-45f3-835d-b5bc9a7462ff,4,2,5,20 to 50 books in a year,30 - 33 anos,Feminino,S√£o Paulo,Ensino m√©dio completo,Casado(a),Branca,"De R$ 813,00 a R$ 1.805,00",5,5,5,5,5,5,5,5,5,5,5,5,"Amo livros do Augusto Cury e Emilly Giffin, seria √≥timo colocar os livros deles."
case 274,e6ed5dab-07c8-4e23-96bd-9049e0a0a3d5,5,2,5,20 to 50 books in a year,18 - 21 anos,Feminino,Rio Grande do Sul,Ensino m√©dio completo,Solteiro(a),Branca,"De R$ 813,00 a R$ 1.805,00",4,5,5,4,5,5,5,5,4,4,5,4,
case 275,f1fa3219-c64f-4a24-9a64-839becbb206d,5,2,4,6 to 20 books in a year,22 - 25 anos,Feminino,Goi√°s,Superior completo,Solteiro(a),Preta,"De R$ 813,00 a R$ 1.805,00",4,5,5,5,4,4,5,5,4,4,5,5,"No in√≠cio o layout parece um pouco confuso e seria interessante uma op√ß√£o de ""recarregar a p√°gina"" pra te dar novas/mais op√ß√µes de livros a serem escolhidos. No geral √© um bom app."
case 276,f5286233-edc2-4b7c-81e5-059be80f980e,5,2,5,50 to 100 books in a year,22 - 25 anos,Feminino,Minas Gerais,Superior completo,Solteiro(a),Parda,"De R$ 1.805,00 a R$ 3.042,00",4,4,5,2,2,4,5,5,5,5,4,4,
case 277,f6af3408-ee93-4ae2-b7c4-05e79601e88a,5,2,4,6 to 20 books in a year,34 - 37 anos,Feminino,Cear√°,P√≥s-gradua√ß√£o completa,Casado(a),Parda,"De R$ 3.042,00 a R$ 5.449,00",4,5,5,5,5,5,4,5,5,4,5,5,Eu achei o app super f√°cil e intuitivo. Gostei das indica√ß√µes.
case 278,f7b59641-c96d-48f8-9f5d-7123637980bc,2,2,4,20 to 50 books in a year,18 - 21 anos,Feminino,Cear√°,Superior incompleto,Solteiro(a),Branca,Prefiro n√£o declarar,4,4,5,5,3,4,5,5,3,5,4,5,Gostei bastante do aplicativo.
case 279,ff8efae2-6c5e-4545-bb21-64fdb2a7cc14,5,2,1,50 to 100 books in a year,38 - 40 anos,Feminino,Rio de Janeiro,Superior incompleto,Casado(a),Branca,"De R$ 813,00 a R$ 1.805,00",4,4,5,3,4,3,4,5,5,5,4,4,
case 280,4e5f90e1-10ca-4c17-8a98-a6aa36bd44b6,5,2,3,20 to 50 books in a year,30 - 33 anos,Feminino,S√£o Paulo,Ensino m√©dio completo,Casado(a),Branca,"De R$ 1.805,00 a R$ 3.042,00",3,5,4,4,5,5,,,4,4,4,4,
case 281,d1dd8d2f-c5bf-451e-8095-aacd16532ab4,5,2,4,6 to 20 books in a year,26 - 29 anos,Feminino,Rio Grande do Sul,P√≥s-gradua√ß√£o completa,Solteiro(a),Branca,"De R$ 1.805,00 a R$ 3.042,00",4,4,4,5,5,5,4,,,,,,
case 282,734e1ef5-b5c6-4624-90e1-ac3ca54353ff,5,3,5,1 to 5 books in a year,30 - 33 anos,Feminino,Minas Gerais,Ensino m√©dio completo,Casado(a),Parda,"De R$ 813,00 a R$ 1.805,00",2,2,2,5,2,4,1,1,2,1,1,2,
case 283,90976d0e-a2eb-4024-8984-644c87f578d4,5,3,1,1 to 5 books in a year,18 - 21 anos,Feminino,S√£o Paulo,Superior completo,Solteiro(a),Branca,Prefiro n√£o declarar,4,5,5,5,5,4,2,2,3,1,5,5,
case 284,99e742c0-2176-47a6-995e-554d69e31d62,5,3,3,20 to 50 books in a year,22 - 25 anos,Feminino,Para√≠ba,Ensino m√©dio completo,Solteiro(a),Parda,"At√© R$ 813,00",,4,4,4,3,2,5,2,4,4,4,5,"Os livros que recomendados pelo App n√£o s√£o livros t√£o novos 
J√° conhecia todos 
Por√©m a pot√™ncial no App , com uma melhor sele√ß√£o de recomenda√ß√µes a futuro "
case 285,9acd13ec-8fb7-4207-86ab-af497eaa7ae4,5,3,2,More than 100 books in a year,26 - 29 anos,Feminino,Alagoas,Superior incompleto,Solteiro(a),Preta,Prefiro n√£o declarar,3,3,3,3,3,2,3,2,1,3,3,3,
case 286,b0f570ce-a3ae-428c-b3c6-82aa5ec7a984,5,3,1,20 to 50 books in a year,38 - 40 anos,Feminino,S√£o Paulo,Ensino m√©dio completo,Casado(a),Branca,"De R$ 3.042,00 a R$ 5.449,00",2,2,3,1,4,5,5,2,2,2,3,2,
case 287,f2f4f2e8-964f-4c53-a38a-ecb68c7f3b94,5,3,5,20 to 50 books in a year,34 - 37 anos,Feminino,S√£o Paulo,Superior completo,Casado(a),Branca,"De R$ 813,00 a R$ 1.805,00",2,2,2,2,2,2,2,2,2,2,2,2,
case 288,6110192a-1bb3-4dbf-a2ed-f278d1a2c8fc,4,3,3,6 to 20 books in a year,18 - 21 anos,Feminino,Minas Gerais,Superior incompleto,Solteiro(a),Parda,"De R$ 1.805,00 a R$ 3.042,00",3,5,4,4,5,5,4,3,4,5,4,,Gostaria que tivesse algumas op√ß√µes: de procurar um livro espec√≠fico; de ter coment√°rios sobre os livros; de ter outras varia√ß√µes de pre√ßo; e por fim de ter mais recomenda√ß√µes. 
case 289,6b76c845-a038-4b8d-9ffe-2f392f578258,5,3,2,20 to 50 books in a year,18 - 21 anos,Feminino,Rio de Janeiro,Ensino m√©dio completo,Uni√£o Est√°vel,Branca,"De R$ 3.042,00 a R$ 5.449,00",2,5,4,4,1,4,1,3,2,3,4,4,"N√£o tinha muita op√ß√£o, e tamb√©m livros que me interessaram"
case 290,7355f1e1-3d1a-474c-9b75-64ed5239c302,5,3,3,20 to 50 books in a year,26 - 29 anos,Feminino,Minas Gerais,Superior incompleto,Solteiro(a),Branca,"De R$ 813,00 a R$ 1.805,00",3,2,2,2,1,2,2,3,2,2,3,2,
case 291,88abc017-8171-4d04-bbf3-ef20b2504959,6,3,3,20 to 50 books in a year,18 - 21 anos,Feminino,Santa Catarina,Ensino m√©dio completo,Solteiro(a),Parda,"De R$ 3.042,00 a R$ 5.449,00",4,5,5,4,5,4,4,3,3,5,3,5,
case 292,97364c64-a4ed-408d-bf8c-e43e3048c5d3,5,3,3,6 to 20 books in a year,18 - 21 anos,Feminino,Rond√¥nia,Ensino m√©dio completo,Solteiro(a),Parda,"De R$ 813,00 a R$ 1.805,00",3,3,3,3,2,1,3,3,2,,3,3,Gosto de receber recomenda√ß√µes de livros 
case 293,d4487ad4-0c96-4c59-99c3-325e5fa26fc7,5,3,5,6 to 20 books in a year,22 - 25 anos,Feminino,Minas Gerais,Ensino m√©dio completo,Casado(a),Branca,Prefiro n√£o declarar,4,4,4,3,3,3,3,3,3,3,3,4,
case 294,0dedf6e1-f94f-4369-a5ed-b09b74c94aa5,5,3,4,6 to 20 books in a year,18 - 21 anos,Feminino,Rio Grande do Sul,Superior incompleto,Solteiro(a),Branca,"De R$ 813,00 a R$ 1.805,00",5,5,5,3,,4,4,4,4,3,5,5,
case 295,2ba028e5-f523-47da-b6fd-3c9e2a45a29c,5,3,3,6 to 20 books in a year,18 - 21 anos,Feminino,Rio Grande do Sul,Ensino m√©dio completo,Solteiro(a),Branca,"De R$ 1.805,00 a R$ 3.042,00",4,4,5,5,3,1,3,4,5,5,4,5,
case 296,2d48a72c-2928-4dd8-9686-d7d6ed28f72a,5,3,4,More than 100 books in a year,18 - 21 anos,Feminino,Mato Grosso,Superior completo,Solteiro(a),Branca,"De R$ 813,00 a R$ 1.805,00",5,5,5,5,5,4,2,4,5,3,5,5,
case 297,34556851-67bb-442d-afeb-a7bb960f95b7,6,3,3,1 to 5 books in a year,22 - 25 anos,Masculino,Paran√°,Ensino m√©dio completo,Solteiro(a),Branca,"De R$ 5.449,00 a R$ 10.427,00",4,4,4,4,4,4,4,4,4,4,4,4,
case 298,3b8eb7cd-f294-4761-af2e-9b6cb0cae288,5,3,4,20 to 50 books in a year,18 - 21 anos,Masculino,S√£o Paulo,Superior incompleto,Solteiro(a),Branca,Prefiro n√£o declarar,4,5,5,4,5,4,3,4,4,5,4,5,
case 299,46620f0b-ef52-42f6-a77e-b58e22c5e32d,5,3,2,6 to 20 books in a year,34 - 37 anos,Feminino,Rio de Janeiro,Superior incompleto,Solteiro(a),Preta,Prefiro n√£o declarar,5,5,5,4,4,3,4,4,4,4,4,4,Ter um espa√ßo no app para os leitores interagirem escrevendo resenhas sobre os livros.
case 300,5d764faf-e0a9-4df4-8f12-a42961216920,5,3,3,6 to 20 books in a year,18 - 21 anos,Feminino,S√£o Paulo,Superior completo,Solteiro(a),Branca,"De R$ 1.805,00 a R$ 3.042,00",4,4,5,5,2,4,5,4,4,3,5,5,
case 301,724d11bc-ea72-4ea7-b877-60f47a37d598,5,3,4,20 to 50 books in a year,18 - 21 anos,Feminino,S√£o Paulo,Ensino m√©dio completo,Solteiro(a),Parda,Prefiro n√£o declarar,4,5,5,5,4,4,5,4,4,3,5,4,Os livros recomendados me surpreenderam por n√£o fazer parte dos mais famosos no momento mas as descri√ß√µes me instigaram a querer ler as obras
case 302,7fdb901e-f7c7-4c88-9933-05f296aafa3a,5,3,2,More than 100 books in a year,22 - 25 anos,Feminino,Esp√≠rito Santo,Ensino m√©dio completo,Solteiro(a),Preta,"At√© R$ 813,00",4,4,5,5,4,3,3,4,4,2,4,5,
case 303,8eb0d3d8-10d8-4be9-aca6-439013a07c7d,5,3,2,6 to 20 books in a year,26 - 29 anos,Feminino,Minas Gerais,Superior completo,Casado(a),Branca,"De R$ 5.449,00 a R$ 10.427,00",4,5,5,5,4,5,5,4,5,4,5,5,
case 304,8f4976f8-9cd3-46cf-8118-79c385cc4648,5,3,4,20 to 50 books in a year,30 - 33 anos,Feminino,S√£o Paulo,Ensino m√©dio completo,Casado(a),Parda,"De R$ 1.805,00 a R$ 3.042,00",4,4,4,5,5,5,5,4,4,5,4,4,
case 305,b7d1ccd6-e269-4e21-95c6-0b9b2f091ca5,5,3,3,20 to 50 books in a year,18 - 21 anos,Feminino,Rio Grande do Sul,Ensino m√©dio completo,Solteiro(a),Branca,"De R$ 1.805,00 a R$ 3.042,00",4,4,5,5,4,3,4,4,5,3,3,3,Quando colocar o g√™nero al√≠ no come√ßo poderia vir s√≥ livros do g√™nero colocado
case 306,cf0b4a19-81c2-43f7-8079-3202fbf933b6,5,3,3,6 to 20 books in a year,22 - 25 anos,Feminino,Paran√°,P√≥s-gradua√ß√£o completa,Solteiro(a),Branca,"De R$ 1.805,00 a R$ 3.042,00",4,4,4,3,2,3,2,4,4,2,4,4,
case 307,cfda1d8f-3478-4ba6-b463-178704343b65,5,3,2,6 to 20 books in a year,22 - 25 anos,Feminino,S√£o Paulo,Ensino m√©dio completo,Solteiro(a),Branca,"De R$ 1.805,00 a R$ 3.042,00",5,5,5,5,5,3,4,4,4,3,5,5,√ìtimo aplicativo com uma boa sugest√£o de livros. Gostei muito! 
case 308,d4f19cce-34d9-48e4-9f45-1afbb6e3f1f6,5,3,5,6 to 20 books in a year,26 - 29 anos,Feminino,S√£o Paulo,Ensino m√©dio completo,Uni√£o Est√°vel,Preta,"De R$ 1.805,00 a R$ 3.042,00",4,4,5,4,4,4,2,4,4,4,5,5,
case 309,e6ed504c-a9ed-4fbd-b505-916fc475bfc9,5,3,3,6 to 20 books in a year,18 - 21 anos,Feminino,Paran√°,Superior incompleto,Solteiro(a),Branca,"De R$ 813,00 a R$ 1.805,00",5,5,5,5,4,4,5,4,4,4,4,5,
case 310,edd75a3b-33b6-4d3c-a1c1-2b4dba9a3692,5,3,3,6 to 20 books in a year,22 - 25 anos,Feminino,Acre,Superior completo,Solteiro(a),Prefiro n√£o declarar,Prefiro n√£o declarar,4,4,5,4,5,3,4,4,5,4,4,5,
case 311,ee699576-b759-4f22-828c-b539122fad6f,5,3,3,More than 100 books in a year,34 - 37 anos,Feminino,Rio de Janeiro,P√≥s-gradua√ß√£o incompleta,Solteiro(a),Branca,"De R$ 813,00 a R$ 1.805,00",3,4,3,4,3,4,4,4,3,4,4,4,Poderia ter mais livros na lista.
case 312,f61fa232-c475-4d96-b1c1-43818705995b,5,3,3,20 to 50 books in a year,22 - 25 anos,Feminino,Par√°,Ensino m√©dio completo,Solteiro(a),Branca,"De R$ 813,00 a R$ 1.805,00",4,5,4,5,4,3,5,4,4,5,4,5,
case 313,0060a8a6-f873-4d3a-a845-f323453af839,5,3,3,1 to 5 books in a year,18 - 21 anos,Feminino,Rio Grande do Sul,Ensino m√©dio completo,Solteiro(a),Branca,Prefiro n√£o declarar,4,5,5,4,3,2,4,5,4,5,4,4,"Uma sugest√£o: quando for recomendado um livro, colocar uma mensagem dizendo que se adequa a outro livro que talvez o leitor j√° tenha lido, pois os assuntos e as abordagens podem ser parecidos. Exemplo: leitores de Harry Potter podem preferir outros livros sobre magia, bruxaria, etc. Ent√£o, com base nessa informa√ß√£o, as recomenda√ß√µes podem se tornar mais espec√≠ficas por meio do conhecimento sobre as leituras favoritas dos consumidores."
case 314,04153b54-8a03-42b5-8f56-be4c21a175a6,5,3,2,20 to 50 books in a year,26 - 29 anos,Feminino,S√£o Paulo,Ensino m√©dio completo,Solteiro(a),Parda,Prefiro n√£o declarar,5,5,5,1,5,1,5,5,5,5,5,5,
case 315,20b6012e-9bab-4a0d-9ae2-bfdd9fa49901,5,3,2,6 to 20 books in a year,22 - 25 anos,Feminino,Cear√°,Superior incompleto,Solteiro(a),Parda,"De R$ 813,00 a R$ 1.805,00",5,5,5,5,4,4,5,5,4,4,5,5,
case 316,26d6e849-537a-499f-90ee-e56b01091865,5,3,4,50 to 100 books in a year,22 - 25 anos,Feminino,Rio de Janeiro,Superior completo,Solteiro(a),Branca,"De R$ 813,00 a R$ 1.805,00",5,2,5,3,4,5,5,5,5,5,5,5,
case 317,279d4b01-d8a0-4c92-a62c-17f920d1ce66,5,3,4,20 to 50 books in a year,22 - 25 anos,Masculino,S√£o Paulo,Ensino m√©dio completo,Solteiro(a),Parda,"De R$ 813,00 a R$ 1.805,00",5,5,4,5,4,4,4,5,4,5,4,5,
case 318,2ae2dd90-0e52-4266-a74a-e17e1dbe3852,7,3,3,1 to 5 books in a year,18 - 21 anos,Masculino,Piau√≠,Ensino m√©dio completo,Solteiro(a),Parda,"De R$ 1.805,00 a R$ 3.042,00",5,5,5,5,5,5,5,5,5,5,5,4,
case 319,4392511e-4efb-49f7-a26f-4ba3b87cc295,5,3,2,6 to 20 books in a year,22 - 25 anos,Feminino,Para√≠ba,Superior incompleto,Solteiro(a),Parda,"De R$ 1.805,00 a R$ 3.042,00",4,3,4,4,3,5,4,5,5,5,4,4,"Achei um pouco limitado, mas com algumas pequenas melhoras pontuais vai ser um √≥timo aplicativo para leitura."
case 320,45919ab5-6faa-409a-9874-bd450092d67e,5,3,5,20 to 50 books in a year,22 - 25 anos,Feminino,S√£o Paulo,Superior completo,Solteiro(a),Branca,"De R$ 1.805,00 a R$ 3.042,00",5,5,5,5,5,5,5,5,5,5,5,5,
case 321,4c0a2ff0-7f0b-4ffc-a709-8217c47a8518,5,3,3,1 to 5 books in a year,30 - 33 anos,Feminino,Rio de Janeiro,Superior incompleto,Solteiro(a),Branca,"De R$ 813,00 a R$ 1.805,00",4,5,5,5,4,5,4,5,4,4,5,5,"Parab√©ns pela iniciativa, pelo app e pela promo√ß√£o da leitura!"
case 322,564b16e1-c16d-469b-9184-0472129af323,5,3,2,6 to 20 books in a year,18 - 21 anos,Feminino,Pernambuco,Ensino m√©dio completo,Solteiro(a),Parda,Prefiro n√£o declarar,5,5,5,4,5,3,5,5,3,4,5,5,
case 323,56539005-0788-4a3b-be88-b8d4422d0c12,5,3,5,6 to 20 books in a year,38 - 40 anos,Feminino,Rio Grande do Sul,Ensino m√©dio completo,Uni√£o Est√°vel,Preta,"De R$ 813,00 a R$ 1.805,00",5,5,5,5,4,5,4,5,5,5,5,4,Queria poder dizer o nome do livro/ autor e poder procurar no aplicativo. 
case 324,5a0372e0-8148-4c7e-b8c7-7754e66ba22d,5,3,2,More than 100 books in a year,22 - 25 anos,Feminino,Rio de Janeiro,Superior completo,Solteiro(a),Preta,"De R$ 1.805,00 a R$ 3.042,00",5,5,5,5,4,4,5,5,5,5,5,5,
case 325,5bc18ca9-b376-4c8e-94a0-4d39167ca7a1,5,3,1,1 to 5 books in a year,Mais de 40 anos,Feminino,S√£o Paulo,Superior completo,Solteiro(a),Parda,"At√© R$ 813,00",5,5,5,5,5,5,5,5,5,5,5,5,
case 326,61e047ba-8e86-4053-9ce4-1a98e0706577,5,3,3,6 to 20 books in a year,26 - 29 anos,Feminino,Goi√°s,Ensino m√©dio completo,Solteiro(a),Branca,"De R$ 1.805,00 a R$ 3.042,00",4,4,4,4,3,5,4,5,5,5,5,5,
case 327,6d3a6d58-b3ba-42d2-bb07-d9922fa655d0,5,3,3,50 to 100 books in a year,18 - 21 anos,Feminino,Cear√°,Ensino m√©dio completo,Solteiro(a),Prefiro n√£o declarar,"De R$ 813,00 a R$ 1.805,00",5,4,5,5,5,4,5,5,5,5,5,5,Colocar quantas estrelas as pessoas deram para os livros que est√£o sendo recomendado.
case 328,70b406bf-c3bd-4cea-bee3-8e924bf0e0da,5,3,1,20 to 50 books in a year,18 - 21 anos,Feminino,Pernambuco,Ensino m√©dio completo,Solteiro(a),Parda,"De R$ 813,00 a R$ 1.805,00",5,4,5,4,5,1,5,5,5,5,5,5,S√£o incr√≠veis 
case 329,7496a0b1-afdd-4a7a-a3a7-58af06a9bcc9,5,3,4,50 to 100 books in a year,Mais de 40 anos,Feminino,Rio de Janeiro,Ensino m√©dio completo,Casado(a),Preta,"De R$ 813,00 a R$ 1.805,00",5,5,5,5,5,4,5,5,5,5,5,5,Fiquei satisfeita com as recomenda√ß√µes 
case 330,88525cbc-5590-4155-81ab-abd5b01a44c9,5,3,3,6 to 20 books in a year,26 - 29 anos,Feminino,Bahia,P√≥s-gradua√ß√£o incompleta,Uni√£o Est√°vel,Parda,"De R$ 813,00 a R$ 1.805,00",5,4,5,4,5,4,4,5,5,5,5,5,
case 331,8a4b905a-4bcb-4cd1-afa6-4a1aae6ebbfc,5,3,2,More than 100 books in a year,22 - 25 anos,Feminino,S√£o Paulo,Superior completo,Solteiro(a),Branca,"Acima de R$ 10.427,00",5,5,5,5,5,3,5,5,4,3,5,5,
case 332,a3182d5e-3fed-491b-baef-66ad5136bd84,5,3,1,6 to 20 books in a year,26 - 29 anos,Feminino,Amap√°,Superior incompleto,Uni√£o Est√°vel,Parda,"De R$ 1.805,00 a R$ 3.042,00",4,5,5,5,5,5,5,5,5,4,5,5,
case 333,a7816863-7924-49b5-b720-14473b79dc44,5,3,5,20 to 50 books in a year,18 - 21 anos,Feminino,Distrito Federal,Ensino m√©dio completo,Solteiro(a),Parda,Prefiro n√£o declarar,5,5,5,5,5,5,5,5,5,4,5,5,"1 ou 2 livros j√° estavam na minha lista particular de livros que tenho interesse em comprar para ler. E os outros despertaram meu interesse, inclusive foi colocado na minha lista particular‚Ä¶ Achei √≥tima as recomenda√ß√µes! "
case 334,adc65554-7d3c-451b-b1c6-cd809d815897,5,3,4,20 to 50 books in a year,38 - 40 anos,Feminino,Paran√°,Ensino m√©dio completo,Solteiro(a),Branca,"De R$ 3.042,00 a R$ 5.449,00",4,5,5,5,4,3,4,5,5,5,4,5,
case 335,b9a6a873-f378-42f8-8380-2bee2347d9d5,5,3,2,20 to 50 books in a year,18 - 21 anos,Feminino,S√£o Paulo,Ensino m√©dio completo,Solteiro(a),Branca,"Acima de R$ 10.427,00",5,5,4,5,4,5,5,5,5,4,5,5,
case 336,c849b6b5-f93e-4a2e-8be2-86ab15f9449f,5,3,4,6 to 20 books in a year,26 - 29 anos,Feminino,S√£o Paulo,Ensino m√©dio incompleto,Uni√£o Est√°vel,Parda,"De R$ 1.805,00 a R$ 3.042,00",5,5,5,5,5,4,4,5,5,4,5,5,
case 337,cbafa022-aa50-435b-8c43-c004917f331c,5,3,3,20 to 50 books in a year,22 - 25 anos,Masculino,Minas Gerais,Superior completo,Solteiro(a),Parda,Prefiro n√£o declarar,5,4,5,5,5,4,5,5,5,5,5,5,
case 338,cf93ee8b-9cf3-42b6-b2bb-28dbd33c6aa6,5,3,2,20 to 50 books in a year,18 - 21 anos,Feminino,S√£o Paulo,Ensino m√©dio completo,Solteiro(a),Branca,"De R$ 1.805,00 a R$ 3.042,00",4,5,5,4,5,5,4,5,3,5,5,5,Colocar mais livros de fantasia com o romance certinhos e escalados.
case 339,d1d34e2e-f9b9-49c2-b776-761864dd65d9,5,3,3,6 to 20 books in a year,18 - 21 anos,Feminino,Paran√°,Superior incompleto,Solteiro(a),Branca,Prefiro n√£o declarar,5,5,4,4,5,4,5,5,5,5,5,5,
case 340,ed0ab342-b4e9-4602-bdce-1a6ba1e79be8,5,3,3,50 to 100 books in a year,22 - 25 anos,Feminino,Santa Catarina,Superior completo,Solteiro(a),Branca,"De R$ 3.042,00 a R$ 5.449,00",5,5,5,5,4,5,5,5,4,4,5,5,
case 341,ed4d2756-772d-4a15-9b2a-62a67ed43216,5,3,5,50 to 100 books in a year,26 - 29 anos,Masculino,Rio de Janeiro,Superior incompleto,Uni√£o Est√°vel,Branca,"De R$ 1.805,00 a R$ 3.042,00",5,5,5,5,5,5,4,5,4,5,5,5,
case 342,fc03cb66-afaf-4f24-a4c5-f12ba3c4e8ed,5,3,3,20 to 50 books in a year,26 - 29 anos,Feminino,Rio de Janeiro,Superior completo,Casado(a),Branca,Prefiro n√£o declarar,5,5,5,4,3,1,5,5,5,5,4,5,
case 343,7dc7ac5b-dc27-4ee7-ab29-4c58b2a0aa7e,5,4,3,50 to 100 books in a year,26 - 29 anos,Feminino,Rio de Janeiro,Ensino m√©dio completo,Casado(a),Parda,"De R$ 813,00 a R$ 1.805,00",4,5,5,3,5,5,1,1,2,5,4,5,Seria interessante ter mais literatura asi√°tica
case 344,b46a59c0-f6f5-46d1-b503-01e1776ab14a,5,4,5,20 to 50 books in a year,30 - 33 anos,Feminino,S√£o Paulo,Ensino m√©dio completo,Casado(a),Branca,"De R$ 813,00 a R$ 1.805,00",2,3,3,3,2,1,3,2,2,2,3,2,
case 345,de9a3d3b-d78b-4982-a36f-39f956c9ffce,6,4,1,20 to 50 books in a year,18 - 21 anos,Feminino,Rond√¥nia,Superior incompleto,Solteiro(a),Branca,"De R$ 813,00 a R$ 1.805,00",4,4,5,2,2,2,4,2,4,4,4,4,"√ìtimas sugest√µes porem foram recomendados livros ""hypes"". Livros totalmente conhecidos de forma geral. Deveria conter uma diversifica√ß√£o maior com mais culturas diferentes. "
case 346,13530b65-653b-4482-ae41-831bb9c1630b,5,4,2,1 to 5 books in a year,22 - 25 anos,Masculino,Minas Gerais,Ensino m√©dio completo,Solteiro(a),Preta,"De R$ 813,00 a R$ 1.805,00",3,2,2,2,2,2,2,3,2,2,2,2,Poderiam indicar livros de autores brasileiros e outros pa√≠ses sem ser EUA.
case 347,48a70529-10d0-417c-88f6-467f38a47358,5,4,3,1 to 5 books in a year,30 - 33 anos,Feminino,S√£o Paulo,P√≥s-gradua√ß√£o completa,Solteiro(a),Branca,"De R$ 1.805,00 a R$ 3.042,00",3,4,5,2,3,3,3,3,2,2,2,2,
case 348,69c0c102-f143-4e9e-8307-de244949d50b,5,4,5,20 to 50 books in a year,26 - 29 anos,Feminino,Rio Grande do Sul,Superior incompleto,Solteiro(a),Preta,"De R$ 1.805,00 a R$ 3.042,00",4,2,3,2,4,3,2,3,4,4,3,4,
case 349,e5838889-1df5-4bb8-95eb-e78c61392c96,5,4,2,20 to 50 books in a year,38 - 40 anos,Feminino,S√£o Paulo,Superior completo,Solteiro(a),Branca,"De R$ 3.042,00 a R$ 5.449,00",3,3,3,3,3,3,5,3,3,3,3,1,
case 350,27be19f4-6333-4283-85ec-2dac6a074072,5,4,5,6 to 20 books in a year,22 - 25 anos,Feminino,S√£o Paulo,Superior completo,Solteiro(a),Branca,"De R$ 1.805,00 a R$ 3.042,00",5,4,5,5,5,5,5,4,5,5,5,5,
case 351,a0fc3a4d-17ef-4910-bb35-846e7e790dbf,5,4,2,20 to 50 books in a year,30 - 33 anos,Feminino,Santa Catarina,Superior completo,Casado(a),Branca,"De R$ 1.805,00 a R$ 3.042,00",5,4,4,3,5,2,3,4,4,2,3,4,
case 352,b95d5c5f-149a-447e-9dcc-8380bf180a4c,5,4,4,6 to 20 books in a year,22 - 25 anos,Feminino,Rio Grande do Sul,Superior incompleto,Solteiro(a),Branca,"De R$ 3.042,00 a R$ 5.449,00",4,4,4,5,5,4,3,4,4,4,5,5,
case 353,bfd5ce89-306d-4bed-90df-c1aee46fb410,5,4,3,6 to 20 books in a year,26 - 29 anos,Feminino,Sergipe,Ensino m√©dio completo,Solteiro(a),Parda,"At√© R$ 813,00",4,4,5,5,4,4,5,4,4,4,4,5,
case 354,c6bea62a-8b10-4d26-9ae1-4eea06abde5d,5,4,3,6 to 20 books in a year,18 - 21 anos,Feminino,Piau√≠,Ensino m√©dio incompleto,Solteiro(a),Parda,Prefiro n√£o declarar,4,5,5,4,5,4,3,4,4,4,5,5,"N√£o achei muitos livros apenas 5 ,para colocar nos favoritos , diversidade e quantidade sempre √© bom !"
case 355,d10d3538-5b1f-4be9-b300-0f67a3a2c3c3,5,4,1,6 to 20 books in a year,18 - 21 anos,Masculino,Rio de Janeiro,Superior incompleto,Solteiro(a),Parda,"De R$ 1.805,00 a R$ 3.042,00",4,5,5,5,5,4,5,4,5,5,4,4,
case 356,d57d0f7e-f329-4c88-b24e-e624df62d611,5,4,3,6 to 20 books in a year,18 - 21 anos,Feminino,S√£o Paulo,Superior incompleto,Solteiro(a),Branca,"De R$ 3.042,00 a R$ 5.449,00",4,5,5,5,2,3,3,4,3,5,3,4,
case 357,d660828c-1298-424e-8ab0-5e6fd437072c,5,4,4,20 to 50 books in a year,18 - 21 anos,Feminino,S√£o Paulo,Ensino m√©dio incompleto,Solteiro(a),Branca,"De R$ 3.042,00 a R$ 5.449,00",4,5,5,4,5,3,4,4,5,5,4,5,
case 358,0fc43ead-39e7-4a61-af0e-928c01157f95,6,4,3,6 to 20 books in a year,18 - 21 anos,Masculino,Bahia,Ensino m√©dio completo,Solteiro(a),Prefiro n√£o declarar,Prefiro n√£o declarar,5,5,5,5,5,4,5,5,5,4,5,5,Aplicativo muito bom para recomenda√ß√µes.
case 359,10c8023f-819c-48d1-8b48-78c3149fad56,5,4,3,6 to 20 books in a year,34 - 37 anos,Feminino,S√£o Paulo,Ensino m√©dio completo,Solteiro(a),Branca,"De R$ 3.042,00 a R$ 5.449,00",4,5,5,5,5,5,5,5,4,4,5,5,
case 360,3690c2e2-5cfb-42ed-b0d8-6c546b87e759,5,4,4,6 to 20 books in a year,18 - 21 anos,Feminino,Paran√°,Ensino m√©dio completo,Uni√£o Est√°vel,Amarela,"De R$ 1.805,00 a R$ 3.042,00",5,5,5,5,5,5,5,5,5,5,5,5,
case 361,697f8bfe-a7f1-43a6-ab4e-eb4811fb6ecc,5,4,1,6 to 20 books in a year,22 - 25 anos,Feminino,S√£o Paulo,Ensino m√©dio completo,Solteiro(a),Prefiro n√£o declarar,"At√© R$ 813,00",5,3,5,5,4,5,4,5,4,5,4,3,
case 362,84bfb12d-7992-45ac-87c0-890086b783fb,5,4,2,6 to 20 books in a year,18 - 21 anos,Feminino,Rio Grande do Norte,Ensino m√©dio incompleto,Solteiro(a),Parda,"At√© R$ 813,00",5,4,5,5,4,3,4,5,5,5,5,5,"O aplicativo √© bem legal me ajudo, e consegui ver os livros do g√™nero que mais gosto "
case 363,94ea70d1-90fd-438a-8119-323cf2b18747,5,4,5,20 to 50 books in a year,38 - 40 anos,Feminino,S√£o Paulo,Superior completo,Casado(a),Branca,"De R$ 3.042,00 a R$ 5.449,00",5,5,5,5,5,5,5,5,5,5,5,5,"Se o aplicativo al√©m de nos recomendar livros puder contabilizar os lidos e interagir com outras pessoas, seria sensacional"
case 364,e86c4480-fe9d-4f63-acfa-39e7cd63e9f5,5,4,2,20 to 50 books in a year,26 - 29 anos,Feminino,Rio Grande do Sul,P√≥s-gradua√ß√£o incompleta,Solteiro(a),Branca,"De R$ 813,00 a R$ 1.805,00",4,4,5,4,5,5,4,5,5,5,5,5,
case 365,f0982e0a-2965-4c06-bdb1-bdc5564538d9,6,4,3,1 to 5 books in a year,18 - 21 anos,Feminino,S√£o Paulo,Ensino m√©dio completo,Solteiro(a),Branca,"De R$ 3.042,00 a R$ 5.449,00",5,5,5,5,5,4,5,5,5,5,5,5,
case 366,fe5151f5-234e-4b46-851b-8ca8af971505,5,4,4,50 to 100 books in a year,18 - 21 anos,Feminino,Paran√°,Superior incompleto,Solteiro(a),Branca,"De R$ 1.805,00 a R$ 3.042,00",5,4,5,5,4,3,4,5,5,5,4,4,
case 367,e8a3c662-0ddd-4252-9e56-251002256e5a,5,5,3,6 to 20 books in a year,38 - 40 anos,Feminino,Cear√°,Ensino m√©dio completo,Solteiro(a),Branca,"De R$ 813,00 a R$ 1.805,00",5,5,5,4,5,4,5,5,5,5,5,5,
,,,,,,,,,,,,,,,,,,,,,,,,,97